node_code,project_code,latitude,longitude,river_kilometer,location,deploy_date,recovery_date
101,GPUD_2026,47.22157,-120.012309,274.3360632308897,Crescent Bar,2026-03-30,2026-06-09
102,GPUD_2026,47.222434,-120.011489,274.3360632308897,Crescent Bar,2026-03-30,2026-06-09
103,GPUD_2026,47.223311,-120.010721,274.3360632308897,Crescent Bar,2026-03-30,2026-06-09
104,GPUD_2026,47.224176,-120.009917,274.3360632308897,Crescent Bar,2026-03-30,2026-06-09
201,GPUD_2026,47.070923,-120.044301,267.31455130674686,Sunland,2026-03-31,2026-06-09
202,GPUD_2026,47.071263,-120.042183,267.31455130674686,Sunland,2026-03-31,2026-06-09
203,GPUD_2026,47.071625,-120.040108,267.31455130674686,Sunland,2026-03-31,2026-06-09
204,GPUD_2026,47.071974,-120.03809,267.31455130674686,Sunland,2026-03-31,2026-06-09
205,GPUD_2026,47.072331,-120.036088,267.31455130674686,Sunland,2026-03-31,2026-06-09
301,GPUD_2026,46.875043,-119.981275,258.36678389898964,Wanapum BRZ,2026-04-14,2026-06-25
302,GPUD_2026,46.876019,-119.9798,258.36678389898964,Wanapum BRZ,2026-04-14,2026-06-25
303,GPUD_2026,46.876709,-119.978036,258.36678389898964,Wanapum BRZ,2026-04-14,2026-06-25
304,GPUD_2026,46.8778,-119.976813,258.36678389898964,Wanapum BRZ,2026-04-14,2026-06-25
305,GPUD_2026,46.878133,-119.974833,258.36678389898964,Wanapum BRZ,2026-04-14,2026-06-25
306,GPUD_2026,46.87918,-119.973469,258.36678389898964,Wanapum BRZ,2026-04-14,2026-06-25
307,GPUD_2026,46.879231,-119.971441,258.36678389898964,Wanapum BRZ,2026-04-14,2026-06-25
308,GPUD_2026,46.878889,-119.969518,258.36678389898964,Wanapum BRZ,2026-04-14,2026-06-25
310,GPUD_2026,46.872096,-119.973716,258.2425093516597,Wanapum,2026-03-18,NA
311,GPUD_2026,46.872483,-119.973186,258.2425093516597,Wanapum,2026-03-18,NA
312,GPUD_2026,46.872853,-119.972695,258.2425093516597,Wanapum,2026-03-18,NA
313,GPUD_2026,46.873251,-119.972173,258.2425093516597,Wanapum,2026-03-18,NA
314,GPUD_2026,46.872956,-119.971597,258.2425093516597,Wanapum,2026-03-18,NA
315,GPUD_2026,46.874139,-119.972198,258.2425093516597,Wanapum,2026-03-18,NA
316,GPUD_2026,46.874781,-119.972194,258.2425093516597,Wanapum,2026-03-18,NA
317,GPUD_2026,46.875402,-119.972187,258.2425093516597,Wanapum,2026-03-18,NA
318,GPUD_2026,46.876147,-119.972194,258.2425093516597,Wanapum,2026-03-18,NA
319,GPUD_2026,46.877045,-119.971812,258.2425093516597,Wanapum,2026-03-18,NA
320,GPUD_2026,46.874314,-119.971638,258.2425093516597,Wanapum,2026-03-18,NA
321,GPUD_2026,46.874556,-119.971631,258.2425093516597,Wanapum,2026-03-18,NA
322,GPUD_2026,46.873825,-119.97148,258.2425093516597,Wanapum,2026-04-24,NA
323,GPUD_2026,46.874044,-119.971501,258.2425093516597,Wanapum,2026-04-24,NA
324,GPUD_2026,46.874426,-119.971448,258.2425093516597,Wanapum,2026-04-23,2026-07-06
331,GPUD_2026,46.854507,-119.96264,257.4968620676799,Wanapum Tailrace,2026-04-01,2026-06-08
332,GPUD_2026,46.855295,-119.960721,257.4968620676799,Wanapum Tailrace,2026-04-01,2026-06-25
333,GPUD_2026,46.85659,-119.957374,257.4968620676799,Wanapum Tailrace,2026-04-01,2026-06-10
401,GPUD_2026,46.772176,-119.950337,253.20939018479626,Mattawa,2026-03-31,2026-06-10
402,GPUD_2026,46.771276,-119.949018,253.20939018479626,Mattawa,2026-03-31,2026-06-10
403,GPUD_2026,46.770391,-119.947678,253.20939018479626,Mattawa,2026-03-31,2026-07-30
404,GPUD_2026,46.769458,-119.946319,253.20939018479626,Mattawa,2026-03-31,2026-06-10
405,GPUD_2026,46.768586,-119.944942,253.20939018479626,Mattawa,2026-03-31,2026-06-10
406,GPUD_2026,46.770124,-119.94812,253.20939018479626,Mattawa,2026-05-08,NA
501,GPUD_2026,46.643456,-119.924965,246.9335255446332,Priest BRZ,2026-04-14,2026-06-25
502,GPUD_2026,46.643957,-119.923054,246.9335255446332,Priest BRZ,2026-04-14,2026-06-25
503,GPUD_2026,46.644376,-119.921002,246.9335255446332,Priest BRZ,2026-04-14,2026-06-25
504,GPUD_2026,46.645144,-119.919296,246.9335255446332,Priest BRZ,2026-04-14,2026-06-25
505,GPUD_2026,46.645465,-119.917354,246.9335255446332,Priest BRZ,2026-04-14,2026-06-25
505,GPUD_2026,46.645465,-119.917354,246.9335255446332,Priest BRZ,2026-04-29,2026-06-25
506,GPUD_2026,46.646327,-119.915724,246.9335255446332,Priest BRZ,2026-04-14,2026-06-25
507,GPUD_2026,46.646537,-119.91375,246.9335255446332,Priest BRZ,2026-04-14,2026-06-25
508,GPUD_2026,46.647147,-119.911946,246.9335255446332,Priest BRZ,2026-04-14,2026-06-25
509,GPUD_2026,46.647693,-119.910022,246.9335255446332,Priest BRZ,2026-04-14,2026-06-25
510,GPUD_2026,46.647541,-119.908888,246.9335255446332,Priest BRZ,2026-04-14,2026-06-25
511,GPUD_2026,46.642837,-119.914153,246.80925099730322,Priest,2026-03-09,NA
512,GPUD_2026,46.64343,-119.913451,246.80925099730322,Priest,2026-03-09,NA
513,GPUD_2026,46.643868,-119.91262,246.80925099730322,Priest,2026-03-09,NA
514,GPUD_2026,46.644326,-119.911808,246.80925099730322,Priest,2026-03-09,NA
515,GPUD_2026,46.644777,-119.910971,246.80925099730322,Priest,2026-03-09,NA
516,GPUD_2026,46.645197,-119.910175,246.80925099730322,Priest,2026-03-09,NA
517,GPUD_2026,46.645626,-119.909386,246.80925099730322,Priest,2026-03-09,NA
518,GPUD_2026,46.646061,-119.90855,246.80925099730322,Priest,2026-03-09,NA
520,GPUD_2026,46.644615,-119.910282,246.80925099730322,Priest,2026-03-09,NA
521,GPUD_2026,46.644765,-119.909998,246.80925099730322,Priest,2026-03-09,NA
522,GPUD_2026,46.644267,-119.910691,246.80925099730322,Priest,2026-03-06,2026-07-06
523,GPUD_2026,46.644355,-119.910528,246.80925099730322,Priest,2026-03-06,2026-07-06
524,GPUD_2026,46.644443,-119.910364,246.80925099730322,Priest,2026-03-06,2026-07-06
525,GPUD_2026,46.644674,-119.910175,246.80925099730322,Priest,2026-03-25,2026-07-06
526,GPUD_2026,46.644707,-119.909929,246.80925099730322,Priest,2026-03-25,2026-07-06
527,GPUD_2026,46.644128,-119.911067,246.80925099730322,Priest,2026-05-07,NA
531,GPUD_2026,46.631352,-119.893241,246.0014664396585,Priest Tailrace,2026-04-06,2026-06-16
532,GPUD_2026,46.632263,-119.892734,246.0014664396585,Priest Tailrace,2026-04-06,2026-06-24
601,GPUD_2026,46.637507,-119.741293,241.40330818844993,Vernita Bridge,2026-04-06,2026-07-30
602,GPUD_2026,46.638581,-119.742061,241.40330818844993,Vernita Bridge,2026-04-06,2026-07-28
701,GPUD_2026,46.666948,-119.449482,229.41081437110864,White Bluffs,2026-04-06,2026-06-24
702,GPUD_2026,46.667866,-119.448483,229.41081437110864,White Bluffs,2026-04-06,2026-06-16
801,GPUD_2026,46.456197,-119.264493,218.16396783774718,Lower Ringold,2026-04-08,2026-06-15
801,GPUD_2026,46.456197,-119.264493,218.16396783774718,Lower Ringold,2026-06-15,2026-07-08
802,GPUD_2026,46.456078,-119.263444,218.16396783774718,Lower Ringold,2026-04-08,2026-07-08
803,GPUD_2026,46.455958,-119.262394,218.16396783774718,Lower Ringold,2026-04-08,2026-07-08
804,GPUD_2026,46.455839,-119.261345,218.16396783774718,Lower Ringold,2026-04-08,2026-06-15
804,GPUD_2026,46.455839,-119.261345,218.16396783774718,Lower Ringold,2026-06-15,2026-07-08
805,GPUD_2026,46.455502,-119.263102,218.16396783774718,Lower Ringold,2026-04-08,2026-06-15
901,GPUD_2026,46.294836,-119.266471,210.5832204506195,Hanford,2026-04-08,2026-06-15
901,GPUD_2026,46.294836,-119.266471,210.5832204506195,Hanford,2026-06-15,2026-07-08
902,GPUD_2026,46.294402,-119.265172,210.5832204506195,Hanford,2026-04-08,2026-07-08
903,GPUD_2026,46.293949,-119.263854,210.5832204506195,Hanford,2026-04-08,2026-06-15
903,GPUD_2026,46.293949,-119.263854,210.5832204506195,Hanford,2026-06-15,2026-07-08
904,GPUD_2026,46.293449,-119.2625,210.5832204506195,Hanford,2026-04-08,2026-07-08
905,GPUD_2026,46.292986,-119.261112,210.5832204506195,Hanford,2026-04-08,2026-06-15
905,GPUD_2026,46.292986,-119.261112,210.5832204506195,Hanford,2026-06-15,2026-07-08
906,GPUD_2026,46.29255,-119.259831,210.5832204506195,Hanford,2026-04-08,2026-06-15
906,GPUD_2026,46.29255,-119.259831,210.5832204506195,Hanford,2026-06-15,2026-07-08
