Priest Rapids Tailrace CHN,2,G72001E22,2026-05-17 20:23:19,2026-05-19 15:26:00,Lower Ringold,1,2026-07-05 16:57:30
Priest Rapids Tailrace CHN,2,G72001E22,2026-05-17 20:23:19,2026-05-19 15:26:00,Hanford,0,
Priest Rapids Tailrace CHN,2,G72007685,2026-05-17 20:25:19,2026-05-19 15:26:00,Lower Ringold,0,
Priest Rapids Tailrace CHN,2,G72007685,2026-05-17 20:25:19,2026-05-19 15:26:00,Hanford,0,
Priest Rapids Tailrace CHN,2,G72007DA5,2026-05-17 20:24:24,2026-05-19 15:26:00,Lower Ringold,1,2026-05-20 20:50:07
Priest Rapids Tailrace CHN,2,G72007DA5,2026-05-17 20:24:24,2026-05-19 15:26:00,Hanford,1,2026-05-21 05:40:53
Priest Rapids Tailrace CHN,2,G720247F4,2026-05-09 16:59:43,2026-05-11 16:32:00,Lower Ringold,1,2026-05-12 05:25:22
Priest Rapids Tailrace CHN,2,G720247F4,2026-05-09 16:59:43,2026-05-11 16:32:00,Hanford,1,2026-05-12 08:30:29
Priest Rapids Tailrace CHN,2,G72038079,2026-05-12 17:20:30,2026-05-15 17:05:00,Lower Ringold,1,2026-05-16 07:38:39
Priest Rapids Tailrace CHN,2,G72038079,2026-05-12 17:20:30,2026-05-15 17:05:00,Hanford,1,2026-05-16 10:35:41
Priest Rapids Tailrace CHN,1,G7204B935,2026-05-11 16:58:27,2026-05-14 16:30:00,Lower Ringold,1,2026-05-15 04:48:02
Priest Rapids Tailrace CHN,1,G7204B935,2026-05-11 16:58:27,2026-05-14 16:30:00,Hanford,1,2026-05-15 07:50:13
Priest Rapids Tailrace CHN,1,G72057C04,2026-05-11 16:49:30,2026-05-14 16:30:00,Lower Ringold,1,2026-05-15 08:47:08
Priest Rapids Tailrace CHN,1,G72057C04,2026-05-11 16:49:30,2026-05-14 16:30:00,Hanford,1,2026-05-15 11:51:45
Priest Rapids Tailrace CHN,2,G7205CBB5,2026-05-17 19:59:38,2026-05-19 15:26:00,Lower Ringold,1,2026-05-21 06:11:39
Priest Rapids Tailrace CHN,2,G7205CBB5,2026-05-17 19:59:38,2026-05-19 15:26:00,Hanford,1,2026-05-21 09:10:11
Priest Rapids Tailrace CHN,2,G7205ED4B,2026-05-10 16:39:53,2026-05-12 16:15:00,Lower Ringold,1,2026-05-13 04:26:38
Priest Rapids Tailrace CHN,2,G7205ED4B,2026-05-10 16:39:53,2026-05-12 16:15:00,Hanford,1,2026-05-13 07:10:26
Priest Rapids Tailrace CHN,2,G720647CF,2026-05-16 15:21:49,2026-05-18 17:15:00,Lower Ringold,1,2026-05-19 11:11:38
Priest Rapids Tailrace CHN,2,G720647CF,2026-05-16 15:21:49,2026-05-18 17:15:00,Hanford,1,2026-05-19 14:42:44
Priest Rapids Tailrace CHN,2,G7207470B,2026-05-14 17:40:18,2026-05-16 16:35:00,Lower Ringold,1,2026-05-17 13:04:43
Priest Rapids Tailrace CHN,2,G7207470B,2026-05-14 17:40:18,2026-05-16 16:35:00,Hanford,1,2026-05-17 18:15:02
Priest Rapids Tailrace CHN,2,G7207AD9C,2026-05-14 17:32:39,2026-05-16 16:35:00,Lower Ringold,0,
Priest Rapids Tailrace CHN,2,G7207AD9C,2026-05-14 17:32:39,2026-05-16 16:35:00,Hanford,0,
Priest Rapids Tailrace CHN,3,G7208A127,2026-05-11 16:53:44,2026-05-14 16:30:00,Lower Ringold,1,2026-05-15 07:04:13
Priest Rapids Tailrace CHN,3,G7208A127,2026-05-11 16:53:44,2026-05-14 16:30:00,Hanford,1,2026-05-15 10:46:29
Priest Rapids Tailrace CHN,1,G7208E03F,2026-05-12 16:45:46,2026-05-15 17:05:00,Lower Ringold,1,2026-05-16 08:17:25
Priest Rapids Tailrace CHN,1,G7208E03F,2026-05-12 16:45:46,2026-05-15 17:05:00,Hanford,1,2026-05-16 11:50:16
Priest Rapids Tailrace CHN,3,G720A2405,2026-05-10 16:44:42,2026-05-12 16:15:00,Lower Ringold,1,2026-05-13 05:33:51
Priest Rapids Tailrace CHN,3,G720A2405,2026-05-10 16:44:42,2026-05-12 16:15:00,Hanford,1,2026-05-13 08:39:06
Priest Rapids Tailrace CHN,3,G720A43E3,2026-05-15 16:28:32,2026-05-17 16:25:00,Lower Ringold,1,2026-05-19 04:36:21
Priest Rapids Tailrace CHN,3,G720A43E3,2026-05-15 16:28:32,2026-05-17 16:25:00,Hanford,1,2026-05-19 09:03:30
Priest Rapids Tailrace CHN,3,G720C05D2,2026-05-14 17:43:34,2026-05-16 16:35:00,Lower Ringold,1,2026-05-17 09:52:30
Priest Rapids Tailrace CHN,3,G720C05D2,2026-05-14 17:43:34,2026-05-16 16:35:00,Hanford,1,2026-05-17 12:56:55
Priest Rapids Tailrace CHN,1,G720D158B,2026-05-10 16:34:49,2026-05-12 16:15:00,Lower Ringold,1,2026-05-13 08:19:55
Priest Rapids Tailrace CHN,1,G720D158B,2026-05-10 16:34:49,2026-05-12 16:15:00,Hanford,1,2026-05-13 11:49:05
Priest Rapids Tailrace CHN,3,G720E5C04,2026-05-15 16:12:03,2026-05-17 16:25:00,Lower Ringold,1,2026-05-18 04:28:57
Priest Rapids Tailrace CHN,3,G720E5C04,2026-05-15 16:12:03,2026-05-17 16:25:00,Hanford,1,2026-05-18 07:34:27
Priest Rapids Tailrace CHN,3,G720EA26F,2026-05-14 17:25:16,2026-05-16 16:35:00,Lower Ringold,1,2026-05-17 09:55:44
Priest Rapids Tailrace CHN,3,G720EA26F,2026-05-14 17:25:16,2026-05-16 16:35:00,Hanford,1,2026-05-17 23:13:48
Priest Rapids Tailrace CHN,3,G720F073B,2026-05-14 17:46:03,2026-05-16 16:35:00,Lower Ringold,1,2026-07-02 20:15:19
Priest Rapids Tailrace CHN,3,G720F073B,2026-05-14 17:46:03,2026-05-16 16:35:00,Hanford,0,
Priest Rapids Tailrace CHN,3,G72103C51,2026-05-14 17:35:20,2026-05-16 16:35:00,Lower Ringold,1,2026-05-17 17:24:51
Priest Rapids Tailrace CHN,3,G72103C51,2026-05-14 17:35:20,2026-05-16 16:35:00,Hanford,1,2026-05-17 21:15:53
Priest Rapids Tailrace CHN,3,G72104CA9,2026-05-12 16:54:15,2026-05-15 17:05:00,Lower Ringold,1,2026-05-16 22:26:49
Priest Rapids Tailrace CHN,3,G72104CA9,2026-05-12 16:54:15,2026-05-15 17:05:00,Hanford,1,2026-05-17 02:54:09
Priest Rapids Tailrace CHN,3,G72109F1C,2026-05-14 17:44:57,2026-05-16 16:35:00,Lower Ringold,0,
Priest Rapids Tailrace CHN,3,G72109F1C,2026-05-14 17:44:57,2026-05-16 16:35:00,Hanford,0,
Priest Rapids Tailrace CHN,1,G7210D01B,2026-05-11 17:00:48,2026-05-14 16:30:00,Lower Ringold,1,2026-05-15 11:14:39
Priest Rapids Tailrace CHN,1,G7210D01B,2026-05-11 17:00:48,2026-05-14 16:30:00,Hanford,1,2026-05-15 18:25:22
Priest Rapids Tailrace CHN,3,G7211A027,2026-05-17 19:50:36,2026-05-19 15:26:00,Lower Ringold,1,2026-05-20 04:42:14
Priest Rapids Tailrace CHN,3,G7211A027,2026-05-17 19:50:36,2026-05-19 15:26:00,Hanford,1,2026-05-20 12:28:46
Priest Rapids Tailrace CHN,1,G72128430,2026-05-10 16:42:21,2026-05-12 16:15:00,Lower Ringold,1,2026-05-13 04:32:48
Priest Rapids Tailrace CHN,1,G72128430,2026-05-10 16:42:21,2026-05-12 16:15:00,Hanford,1,2026-05-13 07:25:31
Priest Rapids Tailrace CHN,2,G72138FD4,2026-05-11 17:03:52,2026-05-14 16:30:00,Lower Ringold,1,2026-05-15 11:57:56
Priest Rapids Tailrace CHN,2,G72138FD4,2026-05-11 17:03:52,2026-05-14 16:30:00,Hanford,1,2026-05-16 05:01:20
Priest Rapids Tailrace CHN,3,G72145C0F,2026-05-17 19:54:35,2026-05-19 15:26:00,Lower Ringold,1,2026-05-20 10:08:08
Priest Rapids Tailrace CHN,3,G72145C0F,2026-05-17 19:54:35,2026-05-19 15:26:00,Hanford,1,2026-05-20 13:03:49
Priest Rapids Tailrace CHN,3,G7214D441,2026-05-10 16:36:31,2026-05-12 16:15:00,Lower Ringold,1,2026-05-13 12:16:16
Priest Rapids Tailrace CHN,3,G7214D441,2026-05-10 16:36:31,2026-05-12 16:15:00,Hanford,1,2026-05-14 07:10:31
Priest Rapids Tailrace CHN,3,G7215D485,2026-05-10 16:38:35,2026-05-12 16:15:00,Lower Ringold,1,2026-05-13 10:33:33
Priest Rapids Tailrace CHN,3,G7215D485,2026-05-10 16:38:35,2026-05-12 16:15:00,Hanford,1,2026-05-13 21:27:38
Priest Rapids Tailrace CHN,1,G721826C4,2026-05-09 17:11:49,2026-05-11 16:32:00,Lower Ringold,1,2026-05-12 07:07:31
Priest Rapids Tailrace CHN,1,G721826C4,2026-05-09 17:11:49,2026-05-11 16:32:00,Hanford,1,2026-05-12 10:18:45
Priest Rapids Tailrace CHN,2,G72188735,2026-05-16 15:19:48,2026-05-18 17:15:00,Lower Ringold,1,2026-05-20 12:15:08
Priest Rapids Tailrace CHN,2,G72188735,2026-05-16 15:19:48,2026-05-18 17:15:00,Hanford,0,
Priest Rapids Tailrace CHN,2,G721AAA7A,2026-05-15 16:25:02,2026-05-17 16:25:00,Lower Ringold,1,2026-05-18 04:47:56
Priest Rapids Tailrace CHN,2,G721AAA7A,2026-05-15 16:25:02,2026-05-17 16:25:00,Hanford,1,2026-05-18 07:48:16
Priest Rapids Tailrace CHN,2,G721B863E,2026-05-11 16:52:23,2026-05-14 16:30:00,Lower Ringold,1,2026-05-16 12:26:10
Priest Rapids Tailrace CHN,2,G721B863E,2026-05-11 16:52:23,2026-05-14 16:30:00,Hanford,1,2026-05-16 15:44:43
Priest Rapids Tailrace CHN,3,G721BD038,2026-05-12 16:37:50,2026-05-15 17:05:00,Lower Ringold,1,2026-05-16 17:42:55
Priest Rapids Tailrace CHN,3,G721BD038,2026-05-12 16:37:50,2026-05-15 17:05:00,Hanford,1,2026-05-16 21:35:36
Priest Rapids Tailrace CHN,2,G721BDB18,2026-05-17 20:18:54,2026-05-19 15:26:00,Lower Ringold,1,2026-05-20 09:23:37
Priest Rapids Tailrace CHN,2,G721BDB18,2026-05-17 20:18:54,2026-05-19 15:26:00,Hanford,1,2026-05-20 15:28:15
Priest Rapids Tailrace CHN,3,G721BF524,2026-05-10 16:33:50,2026-05-12 16:15:00,Lower Ringold,1,2026-05-13 04:24:14
Priest Rapids Tailrace CHN,3,G721BF524,2026-05-10 16:33:50,2026-05-12 16:15:00,Hanford,1,2026-05-13 07:13:20
Priest Rapids Tailrace CHN,3,G721DF92D,2026-05-12 17:17:33,2026-05-15 17:05:00,Lower Ringold,0,
Priest Rapids Tailrace CHN,3,G721DF92D,2026-05-12 17:17:33,2026-05-15 17:05:00,Hanford,0,
Priest Rapids Tailrace CHN,3,G7220257D,2026-05-17 19:55:07,2026-05-19 15:26:00,Lower Ringold,0,
Priest Rapids Tailrace CHN,3,G7220257D,2026-05-17 19:55:07,2026-05-19 15:26:00,Hanford,0,
Priest Rapids Tailrace CHN,3,G72202A3C,2026-05-10 16:30:26,2026-05-12 16:15:00,Lower Ringold,1,2026-05-13 09:38:07
Priest Rapids Tailrace CHN,3,G72202A3C,2026-05-10 16:30:26,2026-05-12 16:15:00,Hanford,1,2026-05-13 12:42:59
Priest Rapids Tailrace CHN,2,G7220C1F5,2026-05-11 16:58:51,2026-05-14 16:30:00,Lower Ringold,1,2026-05-15 12:06:37
Priest Rapids Tailrace CHN,2,G7220C1F5,2026-05-11 16:58:51,2026-05-14 16:30:00,Hanford,1,2026-05-16 05:38:49
Priest Rapids Tailrace CHN,2,G7220C676,2026-05-16 15:18:17,2026-05-18 17:15:00,Lower Ringold,1,2026-05-19 15:58:05
Priest Rapids Tailrace CHN,2,G7220C676,2026-05-16 15:18:17,2026-05-18 17:15:00,Hanford,1,2026-05-19 19:27:18
Priest Rapids Tailrace CHN,2,G72214821,2026-05-15 16:15:21,2026-05-17 16:25:00,Lower Ringold,1,2026-05-18 21:41:33
Priest Rapids Tailrace CHN,2,G72214821,2026-05-15 16:15:21,2026-05-17 16:25:00,Hanford,0,
Priest Rapids Tailrace CHN,2,G72217680,2026-05-17 19:59:13,2026-05-19 15:26:00,Lower Ringold,0,
Priest Rapids Tailrace CHN,2,G72217680,2026-05-17 19:59:13,2026-05-19 15:26:00,Hanford,0,
Priest Rapids Tailrace CHN,2,G7223AE84,2026-05-10 16:35:09,2026-05-12 16:15:00,Lower Ringold,1,2026-05-13 07:03:13
Priest Rapids Tailrace CHN,2,G7223AE84,2026-05-10 16:35:09,2026-05-12 16:15:00,Hanford,1,2026-05-13 10:21:17
Priest Rapids Tailrace CHN,2,G7223B158,2026-05-16 15:16:53,2026-05-18 17:15:00,Lower Ringold,1,2026-05-20 05:25:05
Priest Rapids Tailrace CHN,2,G7223B158,2026-05-16 15:16:53,2026-05-18 17:15:00,Hanford,1,2026-05-20 08:19:22
Priest Rapids Tailrace CHN,2,G722497C8,2026-05-10 16:43:40,2026-05-12 16:15:00,Lower Ringold,1,2026-05-13 04:59:10
Priest Rapids Tailrace CHN,2,G722497C8,2026-05-10 16:43:40,2026-05-12 16:15:00,Hanford,1,2026-05-13 07:55:56
Priest Rapids Tailrace CHN,2,G7224AFB4,2026-05-11 16:57:48,2026-05-14 16:30:00,Lower Ringold,1,2026-05-15 06:48:07
Priest Rapids Tailrace CHN,2,G7224AFB4,2026-05-11 16:57:48,2026-05-14 16:30:00,Hanford,1,2026-05-15 10:26:21
Priest Rapids Tailrace CHN,2,G7225B593,2026-05-10 16:41:15,2026-05-12 16:15:00,Lower Ringold,1,2026-05-14 09:59:01
Priest Rapids Tailrace CHN,2,G7225B593,2026-05-10 16:41:15,2026-05-12 16:15:00,Hanford,1,2026-05-15 04:18:41
Priest Rapids Tailrace CHN,2,G7225D74A,2026-05-15 16:03:32,2026-05-17 16:25:00,Lower Ringold,1,2026-05-18 08:21:04
Priest Rapids Tailrace CHN,2,G7225D74A,2026-05-15 16:03:32,2026-05-17 16:25:00,Hanford,1,2026-05-18 11:39:21
Priest Rapids Tailrace CHN,2,G7225FBCA,2026-05-14 17:31:02,2026-05-16 16:35:00,Lower Ringold,1,2026-05-17 16:50:06
Priest Rapids Tailrace CHN,2,G7225FBCA,2026-05-14 17:31:02,2026-05-16 16:35:00,Hanford,1,2026-05-17 20:55:56
Priest Rapids Tailrace CHN,1,G72269C79,2026-05-14 17:29:20,2026-05-16 16:35:00,Lower Ringold,1,2026-05-17 07:35:02
Priest Rapids Tailrace CHN,1,G72269C79,2026-05-14 17:29:20,2026-05-16 16:35:00,Hanford,1,2026-05-17 10:36:52
Priest Rapids Tailrace CHN,1,G7226FB9F,2026-05-09 17:09:45,2026-05-11 16:32:00,Lower Ringold,1,2026-05-12 06:06:31
Priest Rapids Tailrace CHN,1,G7226FB9F,2026-05-09 17:09:45,2026-05-11 16:32:00,Hanford,1,2026-05-12 09:22:25
Priest Rapids Tailrace CHN,1,G7227CF84,2026-05-15 16:21:33,2026-05-17 16:25:00,Lower Ringold,1,2026-05-18 05:42:42
Priest Rapids Tailrace CHN,1,G7227CF84,2026-05-15 16:21:33,2026-05-17 16:25:00,Hanford,1,2026-05-18 09:04:35
Priest Rapids Tailrace CHN,3,G72288E84,2026-05-10 16:30:07,2026-05-12 16:15:00,Lower Ringold,1,2026-05-13 05:54:32
Priest Rapids Tailrace CHN,3,G72288E84,2026-05-10 16:30:07,2026-05-12 16:15:00,Hanford,1,2026-05-13 09:09:20
Priest Rapids Tailrace CHN,1,G722A9AE9,2026-05-16 15:22:45,2026-05-18 17:15:00,Lower Ringold,1,2026-05-19 16:34:44
Priest Rapids Tailrace CHN,1,G722A9AE9,2026-05-16 15:22:45,2026-05-18 17:15:00,Hanford,1,2026-05-19 20:26:04
Priest Rapids Tailrace CHN,2,G722B84AF,2026-05-15 16:20:30,2026-05-17 16:25:00,Lower Ringold,1,2026-05-18 06:22:53
Priest Rapids Tailrace CHN,2,G722B84AF,2026-05-15 16:20:30,2026-05-17 16:25:00,Hanford,1,2026-05-18 10:10:23
Priest Rapids Tailrace CHN,1,G722D3056,2026-05-14 17:39:00,2026-05-16 16:35:00,Lower Ringold,1,2026-05-17 11:55:42
Priest Rapids Tailrace CHN,1,G722D3056,2026-05-14 17:39:00,2026-05-16 16:35:00,Hanford,1,2026-05-17 16:24:38
Priest Rapids Tailrace CHN,2,G722EBAF1,2026-05-12 16:54:56,2026-05-15 17:05:00,Lower Ringold,1,2026-05-16 12:51:54
Priest Rapids Tailrace CHN,2,G722EBAF1,2026-05-12 16:54:56,2026-05-15 17:05:00,Hanford,1,2026-05-16 16:53:08
Priest Rapids Tailrace CHN,3,G72318EDA,2026-05-09 17:26:39,2026-05-11 16:32:00,Lower Ringold,1,2026-05-12 17:13:00
Priest Rapids Tailrace CHN,3,G72318EDA,2026-05-09 17:26:39,2026-05-11 16:32:00,Hanford,1,2026-05-12 21:12:23
Priest Rapids Tailrace CHN,3,G72326CDA,2026-05-16 15:23:12,2026-05-18 17:15:00,Lower Ringold,1,2026-05-19 10:53:33
Priest Rapids Tailrace CHN,3,G72326CDA,2026-05-16 15:23:12,2026-05-18 17:15:00,Hanford,1,2026-05-19 15:36:38
Priest Rapids Tailrace CHN,1,G7235955C,2026-05-12 16:54:31,2026-05-15 17:05:00,Lower Ringold,0,
Priest Rapids Tailrace CHN,1,G7235955C,2026-05-12 16:54:31,2026-05-15 17:05:00,Hanford,0,
Priest Rapids Tailrace CHN,3,G7236F68E,2026-05-16 15:26:13,2026-05-18 17:15:00,Lower Ringold,1,2026-05-20 02:12:42
Priest Rapids Tailrace CHN,3,G7236F68E,2026-05-16 15:26:13,2026-05-18 17:15:00,Hanford,1,2026-05-21 15:06:54
Priest Rapids Tailrace CHN,3,G7236FCF0,2026-05-15 16:20:59,2026-05-17 16:25:00,Lower Ringold,1,2026-05-18 06:00:06
Priest Rapids Tailrace CHN,3,G7236FCF0,2026-05-15 16:20:59,2026-05-17 16:25:00,Hanford,1,2026-05-18 09:20:37
Priest Rapids Tailrace CHN,3,G72372743,2026-05-12 17:18:14,2026-05-15 17:05:00,Lower Ringold,1,2026-05-16 12:01:29
Priest Rapids Tailrace CHN,3,G72372743,2026-05-12 17:18:14,2026-05-15 17:05:00,Hanford,1,2026-05-16 16:00:55
Priest Rapids Tailrace CHN,2,G7238F233,2026-05-10 16:41:47,2026-05-12 16:15:00,Lower Ringold,1,2026-05-13 08:13:35
Priest Rapids Tailrace CHN,2,G7238F233,2026-05-10 16:41:47,2026-05-12 16:15:00,Hanford,1,2026-05-13 11:11:02
Priest Rapids Tailrace CHN,2,G72392F5D,2026-05-15 16:06:36,2026-05-17 16:25:00,Lower Ringold,1,2026-05-18 06:55:16
Priest Rapids Tailrace CHN,2,G72392F5D,2026-05-15 16:06:36,2026-05-17 16:25:00,Hanford,1,2026-05-18 10:29:22
Priest Rapids Tailrace CHN,2,G7239F696,2026-05-09 17:34:26,2026-05-11 16:32:00,Lower Ringold,1,2026-05-12 09:52:13
Priest Rapids Tailrace CHN,2,G7239F696,2026-05-09 17:34:26,2026-05-11 16:32:00,Hanford,1,2026-05-12 13:29:13
Priest Rapids Tailrace CHN,2,G723A566C,2026-05-09 17:00:17,2026-05-11 16:32:00,Lower Ringold,1,2026-05-12 06:16:34
Priest Rapids Tailrace CHN,2,G723A566C,2026-05-09 17:00:17,2026-05-11 16:32:00,Hanford,1,2026-05-12 09:40:46
Priest Rapids Tailrace CHN,1,G723D1C3A,2026-05-11 17:06:29,2026-05-14 16:30:00,Lower Ringold,1,2026-05-15 08:42:48
Priest Rapids Tailrace CHN,1,G723D1C3A,2026-05-11 17:06:29,2026-05-14 16:30:00,Hanford,1,2026-05-15 11:42:26
Priest Rapids Tailrace CHN,1,G723D5BFF,2026-05-14 17:32:13,2026-05-16 16:35:00,Lower Ringold,1,2026-05-17 12:12:04
Priest Rapids Tailrace CHN,1,G723D5BFF,2026-05-14 17:32:13,2026-05-16 16:35:00,Hanford,1,2026-05-17 17:31:09
Priest Rapids Tailrace CHN,1,G723D93F7,2026-05-09 17:25:45,2026-05-11 16:32:00,Lower Ringold,1,2026-05-12 06:14:32
Priest Rapids Tailrace CHN,1,G723D93F7,2026-05-09 17:25:45,2026-05-11 16:32:00,Hanford,1,2026-05-12 09:40:48
Priest Rapids Tailrace CHN,1,G723DFB50,2026-05-14 17:28:56,2026-05-16 16:35:00,Lower Ringold,1,2026-05-17 09:09:00
Priest Rapids Tailrace CHN,1,G723DFB50,2026-05-14 17:28:56,2026-05-16 16:35:00,Hanford,1,2026-05-17 12:22:48
Priest Rapids Tailrace CHN,3,G723ECE84,2026-05-14 17:34:15,2026-05-16 16:35:00,Lower Ringold,1,2026-05-17 15:19:54
Priest Rapids Tailrace CHN,3,G723ECE84,2026-05-14 17:34:15,2026-05-16 16:35:00,Hanford,1,2026-05-18 04:25:12
Priest Rapids Tailrace CHN,2,G72400DC6,2026-05-14 17:37:55,2026-05-16 16:35:00,Lower Ringold,1,2026-05-17 07:16:24
Priest Rapids Tailrace CHN,2,G72400DC6,2026-05-14 17:37:55,2026-05-16 16:35:00,Hanford,1,2026-05-17 10:29:36
Priest Rapids Tailrace CHN,2,G7240A094,2026-05-11 17:01:39,2026-05-14 16:30:00,Lower Ringold,1,2026-05-15 08:03:10
Priest Rapids Tailrace CHN,2,G7240A094,2026-05-11 17:01:39,2026-05-14 16:30:00,Hanford,1,2026-05-15 11:59:53
Priest Rapids Tailrace CHN,2,G72416226,2026-05-15 16:02:55,2026-05-17 16:25:00,Lower Ringold,1,2026-05-18 06:51:20
Priest Rapids Tailrace CHN,2,G72416226,2026-05-15 16:02:55,2026-05-17 16:25:00,Hanford,1,2026-05-18 11:28:32
Priest Rapids Tailrace CHN,2,G72425B51,2026-05-11 16:56:05,2026-05-14 16:30:00,Lower Ringold,1,2026-05-15 11:10:42
Priest Rapids Tailrace CHN,2,G72425B51,2026-05-11 16:56:05,2026-05-14 16:30:00,Hanford,1,2026-05-15 16:04:36
Priest Rapids Tailrace CHN,2,G7244109D,2026-05-17 20:14:20,2026-05-19 15:26:00,Lower Ringold,1,2026-05-20 03:33:46
Priest Rapids Tailrace CHN,2,G7244109D,2026-05-17 20:14:20,2026-05-19 15:26:00,Hanford,1,2026-05-20 06:34:57
Priest Rapids Tailrace CHN,2,G7244BE2D,2026-05-09 17:15:41,2026-05-11 16:32:00,Lower Ringold,1,2026-05-12 04:57:31
Priest Rapids Tailrace CHN,2,G7244BE2D,2026-05-09 17:15:41,2026-05-11 16:32:00,Hanford,1,2026-06-04 07:06:52
Priest Rapids Tailrace CHN,2,G7244EA97,2026-05-15 16:04:20,2026-05-17 16:25:00,Lower Ringold,1,2026-05-18 04:55:17
Priest Rapids Tailrace CHN,2,G7244EA97,2026-05-15 16:04:20,2026-05-17 16:25:00,Hanford,1,2026-05-18 08:06:43
Priest Rapids Tailrace CHN,2,G72451107,2026-05-09 17:07:31,2026-05-11 16:32:00,Lower Ringold,1,2026-05-12 05:00:15
Priest Rapids Tailrace CHN,2,G72451107,2026-05-09 17:07:31,2026-05-11 16:32:00,Hanford,1,2026-05-12 08:39:52
Priest Rapids Tailrace CHN,1,G724652F6,2026-05-12 16:51:03,2026-05-15 17:05:00,Lower Ringold,1,2026-05-16 06:28:56
Priest Rapids Tailrace CHN,1,G724652F6,2026-05-12 16:51:03,2026-05-15 17:05:00,Hanford,1,2026-05-16 10:40:08
Priest Rapids Tailrace CHN,3,G7247D002,2026-05-11 16:59:19,2026-05-14 16:30:00,Lower Ringold,1,2026-05-16 06:05:09
Priest Rapids Tailrace CHN,3,G7247D002,2026-05-11 16:59:19,2026-05-14 16:30:00,Hanford,1,2026-05-16 20:41:45
Priest Rapids Tailrace CHN,2,G7247DDFF,2026-05-12 16:46:14,2026-05-15 17:05:00,Lower Ringold,1,2026-05-16 07:57:06
Priest Rapids Tailrace CHN,2,G7247DDFF,2026-05-12 16:46:14,2026-05-15 17:05:00,Hanford,1,2026-05-16 11:13:49
Priest Rapids Tailrace CHN,2,G7248E679,2026-05-14 17:35:45,2026-05-16 16:35:00,Lower Ringold,1,2026-05-17 10:09:27
Priest Rapids Tailrace CHN,2,G7248E679,2026-05-14 17:35:45,2026-05-16 16:35:00,Hanford,1,2026-05-17 14:11:22
Priest Rapids Tailrace CHN,1,G72499AE6,2026-05-12 16:53:48,2026-05-15 17:05:00,Lower Ringold,1,2026-05-16 23:02:58
Priest Rapids Tailrace CHN,1,G72499AE6,2026-05-12 16:53:48,2026-05-15 17:05:00,Hanford,1,2026-05-17 06:01:47
Priest Rapids Tailrace CHN,2,G724A17C2,2026-05-16 15:19:19,2026-05-18 17:15:00,Lower Ringold,1,2026-05-19 18:50:48
Priest Rapids Tailrace CHN,2,G724A17C2,2026-05-16 15:19:19,2026-05-18 17:15:00,Hanford,1,2026-05-19 23:00:32
Priest Rapids Tailrace CHN,2,G724A60B9,2026-05-17 20:00:13,2026-05-19 15:26:00,Lower Ringold,1,2026-05-20 09:16:28
Priest Rapids Tailrace CHN,2,G724A60B9,2026-05-17 20:00:13,2026-05-19 15:26:00,Hanford,1,2026-05-20 12:10:29
Priest Rapids Tailrace CHN,2,G724B1658,2026-05-16 15:45:15,2026-05-18 17:15:00,Lower Ringold,1,2026-05-19 19:42:51
Priest Rapids Tailrace CHN,2,G724B1658,2026-05-16 15:45:15,2026-05-18 17:15:00,Hanford,1,2026-05-20 07:30:29
Priest Rapids Tailrace CHN,2,G724B3EB9,2026-05-11 17:07:25,2026-05-14 16:30:00,Lower Ringold,1,2026-05-15 22:38:18
Priest Rapids Tailrace CHN,2,G724B3EB9,2026-05-11 17:07:25,2026-05-14 16:30:00,Hanford,1,2026-05-16 02:42:51
Priest Rapids Tailrace CHN,2,G724B5D3E,2026-05-10 16:39:35,2026-05-12 16:15:00,Lower Ringold,1,2026-05-13 08:31:50
Priest Rapids Tailrace CHN,2,G724B5D3E,2026-05-10 16:39:35,2026-05-12 16:15:00,Hanford,1,2026-05-13 11:46:24
Priest Rapids Tailrace CHN,2,G724B6542,2026-05-12 16:46:49,2026-05-15 17:05:00,Lower Ringold,1,2026-05-16 08:01:09
Priest Rapids Tailrace CHN,2,G724B6542,2026-05-12 16:46:49,2026-05-15 17:05:00,Hanford,1,2026-05-16 11:12:17
Priest Rapids Tailrace CHN,2,G724D2712,2026-05-11 16:50:58,2026-05-14 16:30:00,Lower Ringold,1,2026-05-15 22:24:41
Priest Rapids Tailrace CHN,2,G724D2712,2026-05-11 16:50:58,2026-05-14 16:30:00,Hanford,1,2026-05-16 05:06:23
Priest Rapids Tailrace CHN,2,G724E2278,2026-05-16 15:32:36,2026-05-18 17:15:00,Lower Ringold,1,2026-05-19 21:45:07
Priest Rapids Tailrace CHN,2,G724E2278,2026-05-16 15:32:36,2026-05-18 17:15:00,Hanford,1,2026-05-20 04:41:28
Priest Rapids Tailrace CHN,3,G724EDB90,2026-05-09 17:40:03,2026-05-11 16:32:00,Lower Ringold,1,2026-05-12 11:44:01
Priest Rapids Tailrace CHN,3,G724EDB90,2026-05-09 17:40:03,2026-05-11 16:32:00,Hanford,1,2026-05-13 01:59:35
Priest Rapids Tailrace CHN,3,G724F4404,2026-05-11 16:52:47,2026-05-14 16:30:00,Lower Ringold,1,2026-05-15 08:17:17
Priest Rapids Tailrace CHN,3,G724F4404,2026-05-11 16:52:47,2026-05-14 16:30:00,Hanford,1,2026-05-15 13:13:55
Priest Rapids Tailrace CHN,3,G724FB011,2026-05-16 15:25:39,2026-05-18 17:15:00,Lower Ringold,0,
Priest Rapids Tailrace CHN,3,G724FB011,2026-05-16 15:25:39,2026-05-18 17:15:00,Hanford,0,
Priest Rapids Tailrace CHN,3,G725228A7,2026-05-09 17:10:21,2026-05-11 16:32:00,Lower Ringold,1,2026-05-12 17:50:00
Priest Rapids Tailrace CHN,3,G725228A7,2026-05-09 17:10:21,2026-05-11 16:32:00,Hanford,1,2026-05-13 04:12:37
Priest Rapids Tailrace CHN,3,G7252509D,2026-05-09 17:38:46,2026-05-11 16:32:00,Lower Ringold,0,
Priest Rapids Tailrace CHN,3,G7252509D,2026-05-09 17:38:46,2026-05-11 16:32:00,Hanford,0,
Priest Rapids Tailrace CHN,3,G7252AEF6,2026-05-11 17:01:12,2026-05-14 16:30:00,Lower Ringold,1,2026-05-15 06:11:59
Priest Rapids Tailrace CHN,3,G7252AEF6,2026-05-11 17:01:12,2026-05-14 16:30:00,Hanford,1,2026-05-15 09:27:43
Priest Rapids Tailrace CHN,3,G7252C08C,2026-05-12 16:51:43,2026-05-15 17:05:00,Lower Ringold,1,2026-05-16 15:41:14
Priest Rapids Tailrace CHN,3,G7252C08C,2026-05-12 16:51:43,2026-05-15 17:05:00,Hanford,1,2026-05-17 17:55:55
Priest Rapids Tailrace CHN,3,G7252E34D,2026-05-10 16:31:18,2026-05-12 16:15:00,Lower Ringold,1,2026-05-13 06:47:55
Priest Rapids Tailrace CHN,3,G7252E34D,2026-05-10 16:31:18,2026-05-12 16:15:00,Hanford,1,2026-05-13 10:02:18
Priest Rapids Tailrace CHN,1,G72536764,2026-05-17 20:16:49,2026-05-19 15:26:00,Lower Ringold,1,2026-05-21 05:51:16
Priest Rapids Tailrace CHN,1,G72536764,2026-05-17 20:16:49,2026-05-19 15:26:00,Hanford,1,2026-05-21 09:05:56
Priest Rapids Tailrace CHN,1,G7254BBFE,2026-05-14 17:42:05,2026-05-16 16:35:00,Lower Ringold,1,2026-05-17 20:02:49
Priest Rapids Tailrace CHN,1,G7254BBFE,2026-05-14 17:42:05,2026-05-16 16:35:00,Hanford,1,2026-05-18 01:12:46
Priest Rapids Tailrace CHN,1,G7254F645,2026-05-10 16:48:27,2026-05-12 16:15:00,Lower Ringold,1,2026-05-18 15:18:20
Priest Rapids Tailrace CHN,1,G7254F645,2026-05-10 16:48:27,2026-05-12 16:15:00,Hanford,1,2026-05-18 18:58:45
Priest Rapids Tailrace CHN,3,G72558EBB,2026-05-17 20:20:54,2026-05-19 15:26:00,Lower Ringold,1,2026-05-20 06:03:57
Priest Rapids Tailrace CHN,3,G72558EBB,2026-05-17 20:20:54,2026-05-19 15:26:00,Hanford,1,2026-05-20 09:21:18
Priest Rapids Tailrace CHN,1,G7259A276,2026-05-17 19:51:14,2026-05-19 15:26:00,Lower Ringold,1,2026-05-20 14:11:39
Priest Rapids Tailrace CHN,1,G7259A276,2026-05-17 19:51:14,2026-05-19 15:26:00,Hanford,1,2026-05-20 18:23:44
Priest Rapids Tailrace CHN,1,G7259A5F5,2026-05-17 20:05:06,2026-05-19 15:26:00,Lower Ringold,1,2026-05-20 13:26:17
Priest Rapids Tailrace CHN,1,G7259A5F5,2026-05-17 20:05:06,2026-05-19 15:26:00,Hanford,1,2026-05-20 17:09:10
Priest Rapids Tailrace CHN,1,G725B2BF7,2026-05-09 17:08:08,2026-05-11 16:32:00,Lower Ringold,1,2026-05-13 04:01:36
Priest Rapids Tailrace CHN,1,G725B2BF7,2026-05-09 17:08:08,2026-05-11 16:32:00,Hanford,1,2026-05-13 07:17:22
Priest Rapids Tailrace CHN,1,G725B91BB,2026-05-14 17:30:15,2026-05-16 16:35:00,Lower Ringold,1,2026-05-17 11:46:27
Priest Rapids Tailrace CHN,1,G725B91BB,2026-05-14 17:30:15,2026-05-16 16:35:00,Hanford,1,2026-05-17 15:38:18
Priest Rapids Tailrace CHN,1,G725BB198,2026-05-10 16:29:20,2026-05-12 16:15:00,Lower Ringold,1,2026-05-13 05:20:49
Priest Rapids Tailrace CHN,1,G725BB198,2026-05-10 16:29:20,2026-05-12 16:15:00,Hanford,1,2026-05-13 08:11:28
Priest Rapids Tailrace CHN,1,G725C5E5E,2026-05-09 17:40:32,2026-05-11 16:32:00,Lower Ringold,1,2026-05-12 08:49:08
Priest Rapids Tailrace CHN,1,G725C5E5E,2026-05-09 17:40:32,2026-05-11 16:32:00,Hanford,1,2026-05-12 11:54:15
Priest Rapids Tailrace CHN,1,G725DF296,2026-05-17 20:05:45,2026-05-19 15:26:00,Lower Ringold,0,
Priest Rapids Tailrace CHN,1,G725DF296,2026-05-17 20:05:45,2026-05-19 15:26:00,Hanford,0,
Priest Rapids Tailrace CHN,3,G7260CA4E,2026-05-16 15:31:27,2026-05-18 17:15:00,Lower Ringold,1,2026-05-19 14:42:30
Priest Rapids Tailrace CHN,3,G7260CA4E,2026-05-16 15:31:27,2026-05-18 17:15:00,Hanford,1,2026-05-19 18:45:10
Priest Rapids Tailrace CHN,3,G7260DD50,2026-05-10 16:31:45,2026-05-12 16:15:00,Lower Ringold,0,
Priest Rapids Tailrace CHN,3,G7260DD50,2026-05-10 16:31:45,2026-05-12 16:15:00,Hanford,0,
Priest Rapids Tailrace CHN,2,G72612522,2026-05-11 17:05:20,2026-05-14 16:30:00,Lower Ringold,1,2026-05-15 05:51:03
Priest Rapids Tailrace CHN,2,G72612522,2026-05-11 17:05:20,2026-05-14 16:30:00,Hanford,1,2026-05-15 08:59:02
Priest Rapids Tailrace CHN,3,G7261C495,2026-05-15 16:12:42,2026-05-17 16:25:00,Lower Ringold,0,
Priest Rapids Tailrace CHN,3,G7261C495,2026-05-15 16:12:42,2026-05-17 16:25:00,Hanford,0,
Priest Rapids Tailrace CHN,3,G7262A4A5,2026-05-11 17:04:48,2026-05-14 16:30:00,Lower Ringold,1,2026-05-15 04:47:35
Priest Rapids Tailrace CHN,3,G7262A4A5,2026-05-11 17:04:48,2026-05-14 16:30:00,Hanford,1,2026-05-15 07:55:40
Priest Rapids Tailrace CHN,3,G7264C788,2026-05-14 17:40:56,2026-05-16 16:35:00,Lower Ringold,1,2026-05-19 18:40:47
Priest Rapids Tailrace CHN,3,G7264C788,2026-05-14 17:40:56,2026-05-16 16:35:00,Hanford,1,2026-05-20 02:31:16
Priest Rapids Tailrace CHN,1,G72656CC3,2026-05-14 17:44:21,2026-05-16 16:35:00,Lower Ringold,1,2026-05-17 14:59:13
Priest Rapids Tailrace CHN,1,G72656CC3,2026-05-14 17:44:21,2026-05-16 16:35:00,Hanford,1,2026-05-17 19:07:46
Priest Rapids Tailrace CHN,3,G7268909D,2026-05-16 15:33:51,2026-05-18 17:15:00,Lower Ringold,1,2026-05-19 16:43:41
Priest Rapids Tailrace CHN,3,G7268909D,2026-05-16 15:33:51,2026-05-18 17:15:00,Hanford,1,2026-05-19 21:02:14
Priest Rapids Tailrace CHN,2,G72693A88,2026-05-16 15:32:56,2026-05-18 17:15:00,Lower Ringold,1,2026-05-20 04:00:17
Priest Rapids Tailrace CHN,2,G72693A88,2026-05-16 15:32:56,2026-05-18 17:15:00,Hanford,1,2026-05-20 07:20:56
Priest Rapids Tailrace CHN,2,G7269792C,2026-05-12 17:19:49,2026-05-15 17:05:00,Lower Ringold,1,2026-05-16 05:16:12
Priest Rapids Tailrace CHN,2,G7269792C,2026-05-12 17:19:49,2026-05-15 17:05:00,Hanford,1,2026-05-16 08:23:36
Priest Rapids Tailrace CHN,2,G7269AD1A,2026-05-09 17:27:08,2026-05-11 16:32:00,Lower Ringold,1,2026-05-12 04:55:33
Priest Rapids Tailrace CHN,2,G7269AD1A,2026-05-09 17:27:08,2026-05-11 16:32:00,Hanford,1,2026-05-12 15:12:29
Priest Rapids Tailrace CHN,2,G7269B545,2026-05-17 20:01:20,2026-05-19 15:26:00,Lower Ringold,1,2026-05-20 05:48:25
Priest Rapids Tailrace CHN,2,G7269B545,2026-05-17 20:01:20,2026-05-19 15:26:00,Hanford,1,2026-05-21 05:03:22
Priest Rapids Tailrace CHN,2,G7269DF5E,2026-05-11 17:08:24,2026-05-14 16:30:00,Lower Ringold,1,2026-05-16 18:55:03
Priest Rapids Tailrace CHN,2,G7269DF5E,2026-05-11 17:08:24,2026-05-14 16:30:00,Hanford,1,2026-05-16 23:35:56
Priest Rapids Tailrace CHN,2,G726ACAA9,2026-05-09 17:06:42,2026-05-11 16:32:00,Lower Ringold,1,2026-05-12 12:38:08
Priest Rapids Tailrace CHN,2,G726ACAA9,2026-05-09 17:06:42,2026-05-11 16:32:00,Hanford,1,2026-05-13 04:48:49
Priest Rapids Tailrace CHN,2,G726C5E73,2026-05-14 17:29:46,2026-05-16 16:35:00,Lower Ringold,1,2026-05-17 16:32:33
Priest Rapids Tailrace CHN,2,G726C5E73,2026-05-14 17:29:46,2026-05-16 16:35:00,Hanford,1,2026-05-17 20:16:41
Priest Rapids Tailrace CHN,2,G726DC205,2026-05-10 16:35:43,2026-05-12 16:15:00,Lower Ringold,1,2026-05-13 10:32:57
Priest Rapids Tailrace CHN,2,G726DC205,2026-05-10 16:35:43,2026-05-12 16:15:00,Hanford,1,2026-05-13 15:48:15
Priest Rapids Tailrace CHN,2,G726F56E4,2026-05-14 17:36:57,2026-05-16 16:35:00,Lower Ringold,1,2026-05-18 09:27:38
Priest Rapids Tailrace CHN,2,G726F56E4,2026-05-14 17:36:57,2026-05-16 16:35:00,Hanford,1,2026-05-18 12:18:29
Priest Rapids Tailrace CHN,3,G72747608,2026-05-15 16:18:09,2026-05-17 16:25:00,Lower Ringold,1,2026-05-18 16:49:17
Priest Rapids Tailrace CHN,3,G72747608,2026-05-15 16:18:09,2026-05-17 16:25:00,Hanford,1,2026-05-18 20:22:25
Priest Rapids Tailrace CHN,3,G727588A7,2026-05-10 16:40:30,2026-05-12 16:15:00,Lower Ringold,1,2026-05-14 10:31:21
Priest Rapids Tailrace CHN,3,G727588A7,2026-05-10 16:40:30,2026-05-12 16:15:00,Hanford,1,2026-05-14 14:38:51
Priest Rapids Tailrace CHN,1,G72776E02,2026-05-15 16:04:53,2026-05-17 16:25:00,Lower Ringold,0,
Priest Rapids Tailrace CHN,1,G72776E02,2026-05-15 16:04:53,2026-05-17 16:25:00,Hanford,0,
Priest Rapids Tailrace CHN,1,G7277A60A,2026-05-14 17:36:32,2026-05-16 16:35:00,Lower Ringold,1,2026-05-17 09:45:59
Priest Rapids Tailrace CHN,1,G7277A60A,2026-05-14 17:36:32,2026-05-16 16:35:00,Hanford,1,2026-05-17 13:05:40
Priest Rapids Tailrace CHN,1,G727A304F,2026-05-11 16:50:35,2026-05-14 16:30:00,Lower Ringold,1,2026-05-15 14:11:06
Priest Rapids Tailrace CHN,1,G727A304F,2026-05-11 16:50:35,2026-05-14 16:30:00,Hanford,1,2026-05-15 18:12:39
Priest Rapids Tailrace CHN,2,G727A7E16,2026-05-12 16:45:20,2026-05-15 17:05:00,Lower Ringold,1,2026-05-17 03:59:20
Priest Rapids Tailrace CHN,2,G727A7E16,2026-05-12 16:45:20,2026-05-15 17:05:00,Hanford,1,2026-05-17 07:04:21
Priest Rapids Tailrace CHN,1,G727BC31D,2026-05-12 16:40:49,2026-05-15 17:05:00,Lower Ringold,1,2026-05-16 04:58:46
Priest Rapids Tailrace CHN,1,G727BC31D,2026-05-12 16:40:49,2026-05-15 17:05:00,Hanford,1,2026-05-16 08:09:53
Priest Rapids Tailrace CHN,2,G727BC83D,2026-05-16 15:27:58,2026-05-18 17:15:00,Lower Ringold,0,
Priest Rapids Tailrace CHN,2,G727BC83D,2026-05-16 15:27:58,2026-05-18 17:15:00,Hanford,0,
Priest Rapids Tailrace CHN,2,G7281FDC2,2026-05-15 16:22:09,2026-05-17 16:25:00,Lower Ringold,1,2026-05-18 08:22:58
Priest Rapids Tailrace CHN,2,G7281FDC2,2026-05-15 16:22:09,2026-05-17 16:25:00,Hanford,1,2026-05-18 11:42:59
Priest Rapids Tailrace CHN,2,G72843535,2026-05-11 17:04:17,2026-05-14 16:30:00,Lower Ringold,1,2026-05-15 19:20:34
Priest Rapids Tailrace CHN,2,G72843535,2026-05-11 17:04:17,2026-05-14 16:30:00,Hanford,1,2026-05-16 08:29:45
Priest Rapids Tailrace CHN,1,G72846AAF,2026-05-12 16:52:57,2026-05-15 17:05:00,Lower Ringold,1,2026-05-17 10:18:46
Priest Rapids Tailrace CHN,1,G72846AAF,2026-05-12 16:52:57,2026-05-15 17:05:00,Hanford,1,2026-05-18 08:30:56
Priest Rapids Tailrace CHN,1,G7284C8BC,2026-05-16 15:26:39,2026-05-18 17:15:00,Lower Ringold,1,2026-05-19 06:23:01
Priest Rapids Tailrace CHN,1,G7284C8BC,2026-05-16 15:26:39,2026-05-18 17:15:00,Hanford,1,2026-05-19 09:17:21
Priest Rapids Tailrace CHN,2,G7285C926,2026-05-12 17:22:27,2026-05-15 17:05:00,Lower Ringold,1,2026-05-16 06:44:36
Priest Rapids Tailrace CHN,2,G7285C926,2026-05-12 17:22:27,2026-05-15 17:05:00,Hanford,1,2026-05-16 10:26:40
Priest Rapids Tailrace CHN,1,G728603C7,2026-05-09 17:06:13,2026-05-11 16:32:00,Lower Ringold,1,2026-05-12 07:36:24
Priest Rapids Tailrace CHN,1,G728603C7,2026-05-09 17:06:13,2026-05-11 16:32:00,Hanford,1,2026-05-13 07:55:16
Priest Rapids Tailrace CHN,3,G7286D8B0,2026-05-12 16:41:40,2026-05-15 17:05:00,Lower Ringold,0,
Priest Rapids Tailrace CHN,3,G7286D8B0,2026-05-12 16:41:40,2026-05-15 17:05:00,Hanford,0,
Priest Rapids Tailrace CHN,1,G728AEE9E,2026-05-16 15:29:32,2026-05-18 17:15:00,Lower Ringold,1,2026-05-20 04:57:50
Priest Rapids Tailrace CHN,1,G728AEE9E,2026-05-16 15:29:32,2026-05-18 17:15:00,Hanford,1,2026-05-20 08:00:12
Priest Rapids Tailrace CHN,3,G728D2299,2026-05-14 17:38:30,2026-05-16 16:35:00,Lower Ringold,0,
Priest Rapids Tailrace CHN,3,G728D2299,2026-05-14 17:38:30,2026-05-16 16:35:00,Hanford,0,
Priest Rapids Tailrace CHN,3,G728DAFE8,2026-05-16 15:27:05,2026-05-18 17:15:00,Lower Ringold,1,2026-05-19 08:30:45
Priest Rapids Tailrace CHN,3,G728DAFE8,2026-05-16 15:27:05,2026-05-18 17:15:00,Hanford,1,2026-05-19 11:23:59
Priest Rapids Tailrace CHN,3,G728DD893,2026-05-15 16:26:08,2026-05-17 16:25:00,Lower Ringold,1,2026-05-18 08:58:40
Priest Rapids Tailrace CHN,3,G728DD893,2026-05-15 16:26:08,2026-05-17 16:25:00,Hanford,1,2026-05-18 11:51:49
Priest Rapids Tailrace CHN,3,G728F1E15,2026-05-15 16:27:06,2026-05-17 16:25:00,Lower Ringold,1,2026-05-18 08:13:07
Priest Rapids Tailrace CHN,3,G728F1E15,2026-05-15 16:27:06,2026-05-17 16:25:00,Hanford,1,2026-05-18 12:40:38
Priest Rapids Tailrace CHN,2,G728FA7BB,2026-05-16 15:45:58,2026-05-18 17:15:00,Lower Ringold,1,2026-05-19 22:19:32
Priest Rapids Tailrace CHN,2,G728FA7BB,2026-05-16 15:45:58,2026-05-18 17:15:00,Hanford,1,2026-05-20 20:29:18
Priest Rapids Tailrace CHN,3,G728FF301,2026-05-14 17:39:54,2026-05-16 16:35:00,Lower Ringold,1,2026-05-17 13:53:43
Priest Rapids Tailrace CHN,3,G728FF301,2026-05-14 17:39:54,2026-05-16 16:35:00,Hanford,0,
Priest Rapids Tailrace CHN,2,G7290B430,2026-05-12 16:38:19,2026-05-15 17:05:00,Lower Ringold,1,2026-05-16 17:28:26
Priest Rapids Tailrace CHN,2,G7290B430,2026-05-12 16:38:19,2026-05-15 17:05:00,Hanford,1,2026-05-17 03:38:47
Priest Rapids Tailrace CHN,3,G729160C2,2026-05-11 16:54:28,2026-05-14 16:30:00,Lower Ringold,1,2026-05-15 10:45:08
Priest Rapids Tailrace CHN,3,G729160C2,2026-05-11 16:54:28,2026-05-14 16:30:00,Hanford,1,2026-05-15 14:26:37
Priest Rapids Tailrace CHN,1,G72929FA2,2026-05-09 17:25:01,2026-05-11 16:32:00,Lower Ringold,1,2026-05-12 13:24:34
Priest Rapids Tailrace CHN,1,G72929FA2,2026-05-09 17:25:01,2026-05-11 16:32:00,Hanford,1,2026-05-12 23:36:50
Priest Rapids Tailrace CHN,1,G72951E1E,2026-05-12 16:47:32,2026-05-15 17:05:00,Lower Ringold,1,2026-05-16 12:45:39
Priest Rapids Tailrace CHN,1,G72951E1E,2026-05-12 16:47:32,2026-05-15 17:05:00,Hanford,1,2026-05-16 16:57:49
Priest Rapids Tailrace CHN,1,G72963F36,2026-05-10 16:29:53,2026-05-12 16:15:00,Lower Ringold,1,2026-05-13 09:24:24
Priest Rapids Tailrace CHN,1,G72963F36,2026-05-10 16:29:53,2026-05-12 16:15:00,Hanford,1,2026-05-13 13:05:47
Priest Rapids Tailrace CHN,1,G72967C92,2026-05-15 16:27:53,2026-05-17 16:25:00,Lower Ringold,1,2026-05-18 22:15:22
Priest Rapids Tailrace CHN,1,G72967C92,2026-05-15 16:27:53,2026-05-17 16:25:00,Hanford,1,2026-05-19 02:34:28
Priest Rapids Tailrace CHN,1,G72968887,2026-05-09 17:16:37,2026-05-11 16:32:00,Lower Ringold,1,2026-05-12 14:43:17
Priest Rapids Tailrace CHN,1,G72968887,2026-05-09 17:16:37,2026-05-11 16:32:00,Hanford,1,2026-05-12 18:37:10
Priest Rapids Tailrace CHN,3,G72986411,2026-05-11 17:06:52,2026-05-14 16:30:00,Lower Ringold,1,2026-05-15 09:17:36
Priest Rapids Tailrace CHN,3,G72986411,2026-05-11 17:06:52,2026-05-14 16:30:00,Hanford,1,2026-05-15 17:31:39
Priest Rapids Tailrace CHN,1,G72993B4F,2026-05-11 17:00:22,2026-05-14 16:30:00,Lower Ringold,1,2026-05-20 07:06:13
Priest Rapids Tailrace CHN,1,G72993B4F,2026-05-11 17:00:22,2026-05-14 16:30:00,Hanford,1,2026-05-20 11:23:50
Priest Rapids Tailrace CHN,1,G72997448,2026-05-16 15:22:12,2026-05-18 17:15:00,Lower Ringold,1,2026-05-19 09:44:34
Priest Rapids Tailrace CHN,1,G72997448,2026-05-16 15:22:12,2026-05-18 17:15:00,Hanford,1,2026-05-19 12:52:19
Priest Rapids Tailrace CHN,1,G7299BBC3,2026-05-12 16:47:55,2026-05-15 17:05:00,Lower Ringold,0,
Priest Rapids Tailrace CHN,1,G7299BBC3,2026-05-12 16:47:55,2026-05-15 17:05:00,Hanford,0,
Priest Rapids Tailrace CHN,3,G729B2402,2026-05-15 16:23:31,2026-05-17 16:25:00,Lower Ringold,1,2026-05-18 06:57:54
Priest Rapids Tailrace CHN,3,G729B2402,2026-05-15 16:23:31,2026-05-17 16:25:00,Hanford,1,2026-05-18 10:03:59
Priest Rapids Tailrace CHN,1,G729BE0A9,2026-05-09 17:17:53,2026-05-11 16:32:00,Lower Ringold,1,2026-05-12 08:18:42
Priest Rapids Tailrace CHN,1,G729BE0A9,2026-05-09 17:17:53,2026-05-11 16:32:00,Hanford,1,2026-05-12 16:01:49
Priest Rapids Tailrace CHN,2,G729CD39B,2026-05-12 17:21:42,2026-05-15 17:05:00,Lower Ringold,1,2026-05-16 10:11:00
Priest Rapids Tailrace CHN,2,G729CD39B,2026-05-12 17:21:42,2026-05-15 17:05:00,Hanford,1,2026-05-17 05:57:37
Priest Rapids Tailrace CHN,1,G729CE5F8,2026-05-15 16:08:12,2026-05-17 16:25:00,Lower Ringold,1,2026-05-18 14:32:45
Priest Rapids Tailrace CHN,1,G729CE5F8,2026-05-15 16:08:12,2026-05-17 16:25:00,Hanford,1,2026-05-19 04:45:28
Priest Rapids Tailrace CHN,2,G729CF9C6,2026-05-16 15:33:20,2026-05-18 17:15:00,Lower Ringold,1,2026-05-21 11:57:39
Priest Rapids Tailrace CHN,2,G729CF9C6,2026-05-16 15:33:20,2026-05-18 17:15:00,Hanford,1,2026-05-22 04:28:10
Priest Rapids Tailrace CHN,1,G729D0828,2026-05-17 20:17:52,2026-05-19 15:26:00,Lower Ringold,1,2026-05-20 08:42:52
Priest Rapids Tailrace CHN,1,G729D0828,2026-05-17 20:17:52,2026-05-19 15:26:00,Hanford,1,2026-05-20 11:39:59
Priest Rapids Tailrace CHN,2,G729DA3A7,2026-05-12 16:41:14,2026-05-15 17:05:00,Lower Ringold,1,2026-05-16 19:43:52
Priest Rapids Tailrace CHN,2,G729DA3A7,2026-05-12 16:41:14,2026-05-15 17:05:00,Hanford,1,2026-05-17 03:01:31
Priest Rapids Tailrace CHN,1,G72A1A025,2026-05-12 16:39:08,2026-05-15 17:05:00,Lower Ringold,1,2026-05-16 16:27:56
Priest Rapids Tailrace CHN,1,G72A1A025,2026-05-12 16:39:08,2026-05-15 17:05:00,Hanford,1,2026-05-17 08:28:36
Priest Rapids Tailrace CHN,3,G72A450AE,2026-05-16 15:20:43,2026-05-18 17:15:00,Lower Ringold,1,2026-05-19 15:30:10
Priest Rapids Tailrace CHN,3,G72A450AE,2026-05-16 15:20:43,2026-05-18 17:15:00,Hanford,1,2026-05-19 21:04:08
Priest Rapids Tailrace CHN,3,G72A4F3E3,2026-05-12 16:49:51,2026-05-15 17:05:00,Lower Ringold,1,2026-05-16 18:57:18
Priest Rapids Tailrace CHN,3,G72A4F3E3,2026-05-12 16:49:51,2026-05-15 17:05:00,Hanford,1,2026-05-16 22:31:03
Priest Rapids Tailrace CHN,3,G72A55E75,2026-05-17 19:58:43,2026-05-19 15:26:00,Lower Ringold,1,2026-05-20 12:52:40
Priest Rapids Tailrace CHN,3,G72A55E75,2026-05-17 19:58:43,2026-05-19 15:26:00,Hanford,1,2026-05-20 16:48:33
Priest Rapids Tailrace CHN,3,G72A5A79D,2026-05-09 17:02:15,2026-05-11 16:32:00,Lower Ringold,1,2026-05-12 05:55:21
Priest Rapids Tailrace CHN,3,G72A5A79D,2026-05-09 17:02:15,2026-05-11 16:32:00,Hanford,1,2026-05-12 08:51:40
Priest Rapids Tailrace CHN,3,G72A7C308,2026-05-16 15:24:31,2026-05-18 17:15:00,Lower Ringold,1,2026-05-20 03:11:42
Priest Rapids Tailrace CHN,3,G72A7C308,2026-05-16 15:24:31,2026-05-18 17:15:00,Hanford,1,2026-05-20 06:15:10
Priest Rapids Tailrace CHN,1,G72A8A90B,2026-05-11 16:55:42,2026-05-14 16:30:00,Lower Ringold,1,2026-05-15 18:45:02
Priest Rapids Tailrace CHN,1,G72A8A90B,2026-05-11 16:55:42,2026-05-14 16:30:00,Hanford,1,2026-05-16 00:15:33
Priest Rapids Tailrace CHN,2,G72A96225,2026-05-12 16:50:14,2026-05-15 17:05:00,Lower Ringold,1,2026-05-16 10:20:49
Priest Rapids Tailrace CHN,2,G72A96225,2026-05-12 16:50:14,2026-05-15 17:05:00,Hanford,1,2026-05-16 13:54:25
Priest Rapids Tailrace CHN,3,G72AA41B1,2026-05-15 16:19:16,2026-05-17 16:25:00,Lower Ringold,0,
Priest Rapids Tailrace CHN,3,G72AA41B1,2026-05-15 16:19:16,2026-05-17 16:25:00,Hanford,0,
Priest Rapids Tailrace CHN,1,G72ACF8B5,2026-05-15 16:24:08,2026-05-17 16:25:00,Lower Ringold,1,2026-05-18 15:51:28
Priest Rapids Tailrace CHN,1,G72ACF8B5,2026-05-15 16:24:08,2026-05-17 16:25:00,Hanford,1,2026-05-18 19:36:38
Priest Rapids Tailrace CHN,3,G72AE0E8D,2026-05-16 15:20:13,2026-05-18 17:15:00,Lower Ringold,1,2026-05-20 02:37:35
Priest Rapids Tailrace CHN,3,G72AE0E8D,2026-05-16 15:20:13,2026-05-18 17:15:00,Hanford,1,2026-05-20 15:37:23
Priest Rapids Tailrace CHN,1,G72AF97C4,2026-05-12 16:50:40,2026-05-15 17:05:00,Lower Ringold,1,2026-05-16 11:43:20
Priest Rapids Tailrace CHN,1,G72AF97C4,2026-05-12 16:50:40,2026-05-15 17:05:00,Hanford,1,2026-05-16 17:31:37
Priest Rapids Tailrace CHN,1,G72B01A41,2026-05-09 17:02:41,2026-05-11 16:32:00,Lower Ringold,1,2026-05-13 21:50:54
Priest Rapids Tailrace CHN,1,G72B01A41,2026-05-09 17:02:41,2026-05-11 16:32:00,Hanford,1,2026-05-14 06:09:22
Priest Rapids Tailrace CHN,1,G72B0CCCB,2026-05-10 16:45:48,2026-05-12 16:15:00,Lower Ringold,1,2026-05-13 08:07:05
Priest Rapids Tailrace CHN,1,G72B0CCCB,2026-05-10 16:45:48,2026-05-12 16:15:00,Hanford,1,2026-05-13 11:39:08
Priest Rapids Tailrace CHN,1,G72B2C83B,2026-05-15 16:18:49,2026-05-17 16:25:00,Lower Ringold,1,2026-05-18 06:54:33
Priest Rapids Tailrace CHN,1,G72B2C83B,2026-05-15 16:18:49,2026-05-17 16:25:00,Hanford,1,2026-05-18 10:06:56
Priest Rapids Tailrace CHN,1,G72B325EB,2026-05-09 16:58:35,2026-05-11 16:32:00,Lower Ringold,1,2026-05-12 05:49:38
Priest Rapids Tailrace CHN,1,G72B325EB,2026-05-09 16:58:35,2026-05-11 16:32:00,Hanford,1,2026-05-12 09:05:11
Priest Rapids Tailrace CHN,1,G72B32BF4,2026-05-14 17:45:33,2026-05-16 16:35:00,Lower Ringold,0,
Priest Rapids Tailrace CHN,1,G72B32BF4,2026-05-14 17:45:33,2026-05-16 16:35:00,Hanford,0,
Priest Rapids Tailrace CHN,2,G72B41B24,2026-05-16 15:46:26,2026-05-18 17:15:00,Lower Ringold,1,2026-05-19 16:41:12
Priest Rapids Tailrace CHN,2,G72B41B24,2026-05-16 15:46:26,2026-05-18 17:15:00,Hanford,1,2026-05-19 20:18:45
Priest Rapids Tailrace CHN,1,G72B67312,2026-05-12 16:44:24,2026-05-15 17:05:00,Lower Ringold,0,
Priest Rapids Tailrace CHN,1,G72B67312,2026-05-12 16:44:24,2026-05-15 17:05:00,Hanford,0,
Priest Rapids Tailrace CHN,3,G72B8744D,2026-05-17 20:08:16,2026-05-19 15:26:00,Lower Ringold,1,2026-05-20 04:55:14
Priest Rapids Tailrace CHN,3,G72B8744D,2026-05-17 20:08:16,2026-05-19 15:26:00,Hanford,1,2026-05-20 08:05:18
Priest Rapids Tailrace CHN,3,G72B8CB3E,2026-05-12 16:39:36,2026-05-15 17:05:00,Lower Ringold,1,2026-05-16 20:36:10
Priest Rapids Tailrace CHN,3,G72B8CB3E,2026-05-12 16:39:36,2026-05-15 17:05:00,Hanford,1,2026-05-17 03:35:26
Priest Rapids Tailrace CHN,3,G72B9FF25,2026-05-12 16:52:33,2026-05-15 17:05:00,Lower Ringold,1,2026-05-16 08:55:08
Priest Rapids Tailrace CHN,3,G72B9FF25,2026-05-12 16:52:33,2026-05-15 17:05:00,Hanford,1,2026-05-16 11:45:34
Priest Rapids Tailrace CHN,3,G72BAF28D,2026-05-17 20:02:34,2026-05-19 15:26:00,Lower Ringold,1,2026-05-20 04:21:30
Priest Rapids Tailrace CHN,3,G72BAF28D,2026-05-17 20:02:34,2026-05-19 15:26:00,Hanford,1,2026-05-20 07:26:54
Priest Rapids Tailrace CHN,3,G72BAFDCC,2026-05-11 17:03:28,2026-05-14 16:30:00,Lower Ringold,1,2026-05-15 12:11:03
Priest Rapids Tailrace CHN,3,G72BAFDCC,2026-05-11 17:03:28,2026-05-14 16:30:00,Hanford,1,2026-05-16 05:39:06
Priest Rapids Tailrace CHN,3,G72BDBB39,2026-05-14 17:33:05,2026-05-16 16:35:00,Lower Ringold,1,2026-05-17 20:36:04
Priest Rapids Tailrace CHN,3,G72BDBB39,2026-05-14 17:33:05,2026-05-16 16:35:00,Hanford,1,2026-05-18 00:25:30
Priest Rapids Tailrace CHN,3,G72BE1301,2026-05-10 16:34:22,2026-05-12 16:15:00,Lower Ringold,1,2026-05-13 06:57:07
Priest Rapids Tailrace CHN,3,G72BE1301,2026-05-10 16:34:22,2026-05-12 16:15:00,Hanford,1,2026-05-13 09:45:51
Priest Rapids Tailrace CHN,1,G72BE906F,2026-05-11 16:54:07,2026-05-14 16:30:00,Lower Ringold,0,
Priest Rapids Tailrace CHN,1,G72BE906F,2026-05-11 16:54:07,2026-05-14 16:30:00,Hanford,0,
Priest Rapids Tailrace CHN,1,G72BEB573,2026-05-15 16:05:46,2026-05-17 16:25:00,Lower Ringold,1,2026-05-19 03:18:38
Priest Rapids Tailrace CHN,1,G72BEB573,2026-05-15 16:05:46,2026-05-17 16:25:00,Hanford,1,2026-05-19 06:18:51
Priest Rapids Tailrace CHN,1,G72C00988,2026-05-09 17:39:36,2026-05-11 16:32:00,Lower Ringold,1,2026-05-12 05:56:32
Priest Rapids Tailrace CHN,1,G72C00988,2026-05-09 17:39:36,2026-05-11 16:32:00,Hanford,1,2026-05-12 08:58:43
Priest Rapids Tailrace CHN,3,G72C50EF4,2026-05-16 15:21:25,2026-05-18 17:15:00,Lower Ringold,1,2026-05-19 19:35:39
Priest Rapids Tailrace CHN,3,G72C50EF4,2026-05-16 15:21:25,2026-05-18 17:15:00,Hanford,1,2026-05-20 04:07:48
Priest Rapids Tailrace CHN,3,G72C5280A,2026-05-16 15:28:36,2026-05-18 17:15:00,Lower Ringold,1,2026-05-19 17:14:15
Priest Rapids Tailrace CHN,3,G72C5280A,2026-05-16 15:28:36,2026-05-18 17:15:00,Hanford,1,2026-05-19 20:23:13
Priest Rapids Tailrace CHN,3,G72C53DA8,2026-05-11 16:51:27,2026-05-14 16:30:00,Lower Ringold,1,2026-05-21 04:27:54
Priest Rapids Tailrace CHN,3,G72C53DA8,2026-05-11 16:51:27,2026-05-14 16:30:00,Hanford,1,2026-05-21 07:40:15
Priest Rapids Tailrace CHN,1,G72C7403C,2026-05-16 15:28:56,2026-05-18 17:15:00,Lower Ringold,1,2026-05-19 10:03:07
Priest Rapids Tailrace CHN,1,G72C7403C,2026-05-16 15:28:56,2026-05-18 17:15:00,Hanford,1,2026-05-19 13:11:07
Priest Rapids Tailrace CHN,1,G72C8EBAB,2026-05-16 15:24:03,2026-05-18 17:15:00,Lower Ringold,1,2026-05-19 17:18:20
Priest Rapids Tailrace CHN,1,G72C8EBAB,2026-05-16 15:24:03,2026-05-18 17:15:00,Hanford,1,2026-05-19 21:20:01
Priest Rapids Tailrace CHN,2,G72CA664B,2026-05-16 15:23:38,2026-05-18 17:15:00,Lower Ringold,1,2026-05-19 14:39:07
Priest Rapids Tailrace CHN,2,G72CA664B,2026-05-16 15:23:38,2026-05-18 17:15:00,Hanford,1,2026-05-19 18:00:21
Priest Rapids Tailrace CHN,1,G72CB08F5,2026-05-10 16:43:00,2026-05-12 16:15:00,Lower Ringold,1,2026-05-13 11:14:23
Priest Rapids Tailrace CHN,1,G72CB08F5,2026-05-10 16:43:00,2026-05-12 16:15:00,Hanford,1,2026-05-13 14:52:55
Priest Rapids Tailrace CHN,1,G72CBEC7D,2026-05-10 16:33:12,2026-05-12 16:15:00,Lower Ringold,1,2026-05-13 09:18:19
Priest Rapids Tailrace CHN,1,G72CBEC7D,2026-05-10 16:33:12,2026-05-12 16:15:00,Hanford,1,2026-05-13 12:27:12
Priest Rapids Tailrace CHN,3,G72CEBC59,2026-05-17 19:58:11,2026-05-19 15:26:00,Lower Ringold,1,2026-05-20 07:13:00
Priest Rapids Tailrace CHN,3,G72CEBC59,2026-05-17 19:58:11,2026-05-19 15:26:00,Hanford,1,2026-05-20 10:12:02
Priest Rapids Tailrace CHN,1,G72D0E6CC,2026-05-16 15:18:57,2026-05-18 17:15:00,Lower Ringold,1,2026-05-19 13:00:46
Priest Rapids Tailrace CHN,1,G72D0E6CC,2026-05-16 15:18:57,2026-05-18 17:15:00,Hanford,1,2026-05-19 15:57:00
Priest Rapids Tailrace CHN,2,G72D24E30,2026-05-14 17:33:50,2026-05-16 16:35:00,Lower Ringold,1,2026-05-17 09:31:07
Priest Rapids Tailrace CHN,2,G72D24E30,2026-05-14 17:33:50,2026-05-16 16:35:00,Hanford,1,2026-05-17 12:39:32
Priest Rapids Tailrace CHN,3,G72D26533,2026-05-16 15:17:45,2026-05-18 17:15:00,Lower Ringold,1,2026-05-19 15:30:08
Priest Rapids Tailrace CHN,3,G72D26533,2026-05-16 15:17:45,2026-05-18 17:15:00,Hanford,1,2026-05-19 19:18:37
Priest Rapids Tailrace CHN,1,G72D2BA25,2026-05-16 15:47:02,2026-05-18 17:15:00,Lower Ringold,1,2026-05-19 09:31:35
Priest Rapids Tailrace CHN,1,G72D2BA25,2026-05-16 15:47:02,2026-05-18 17:15:00,Hanford,1,2026-05-19 12:43:01
Priest Rapids Tailrace CHN,1,G72D3034F,2026-05-09 17:17:06,2026-05-11 16:32:00,Lower Ringold,0,
Priest Rapids Tailrace CHN,1,G72D3034F,2026-05-09 17:17:06,2026-05-11 16:32:00,Hanford,0,
Priest Rapids Tailrace CHN,1,G72D3BBBF,2026-05-14 17:37:28,2026-05-16 16:35:00,Lower Ringold,1,2026-05-17 19:11:28
Priest Rapids Tailrace CHN,1,G72D3BBBF,2026-05-14 17:37:28,2026-05-16 16:35:00,Hanford,1,2026-05-17 22:55:23
Priest Rapids Tailrace CHN,1,G72D3EF05,2026-05-11 16:56:57,2026-05-14 16:30:00,Lower Ringold,1,2026-05-16 09:52:40
Priest Rapids Tailrace CHN,1,G72D3EF05,2026-05-11 16:56:57,2026-05-14 16:30:00,Hanford,1,2026-05-16 18:35:39
Priest Rapids Tailrace CHN,1,G72D5655D,2026-05-17 20:06:59,2026-05-19 15:26:00,Lower Ringold,1,2026-05-20 05:08:45
Priest Rapids Tailrace CHN,1,G72D5655D,2026-05-17 20:06:59,2026-05-19 15:26:00,Hanford,1,2026-05-20 08:17:56
Priest Rapids Tailrace CHN,1,G72D739B4,2026-05-11 16:56:31,2026-05-14 16:30:00,Lower Ringold,1,2026-05-15 10:35:55
Priest Rapids Tailrace CHN,1,G72D739B4,2026-05-11 16:56:31,2026-05-14 16:30:00,Hanford,1,2026-05-15 13:14:13
Priest Rapids Tailrace CHN,1,G72D76831,2026-05-14 17:41:29,2026-05-16 16:35:00,Lower Ringold,1,2026-05-17 06:41:59
Priest Rapids Tailrace CHN,1,G72D76831,2026-05-14 17:41:29,2026-05-16 16:35:00,Hanford,1,2026-05-17 09:56:30
Priest Rapids Tailrace CHN,1,G72D80AF0,2026-05-17 20:03:33,2026-05-19 15:26:00,Lower Ringold,1,2026-05-20 23:33:54
Priest Rapids Tailrace CHN,1,G72D80AF0,2026-05-17 20:03:33,2026-05-19 15:26:00,Hanford,1,2026-05-21 03:20:49
Priest Rapids Tailrace CHN,1,G72D816CE,2026-05-14 17:31:27,2026-05-16 16:35:00,Lower Ringold,1,2026-05-17 09:29:34
Priest Rapids Tailrace CHN,1,G72D816CE,2026-05-14 17:31:27,2026-05-16 16:35:00,Hanford,1,2026-05-17 13:43:01
Priest Rapids Tailrace CHN,2,G72D8B0BC,2026-05-15 16:11:34,2026-05-17 16:25:00,Lower Ringold,1,2026-05-18 06:58:36
Priest Rapids Tailrace CHN,2,G72D8B0BC,2026-05-15 16:11:34,2026-05-17 16:25:00,Hanford,1,2026-05-18 10:16:02
Priest Rapids Tailrace CHN,2,G72DA6E65,2026-05-15 16:17:38,2026-05-17 16:25:00,Lower Ringold,1,2026-05-18 05:25:58
Priest Rapids Tailrace CHN,2,G72DA6E65,2026-05-15 16:17:38,2026-05-17 16:25:00,Hanford,1,2026-05-18 13:09:40
Priest Rapids Tailrace CHN,2,G72DA8D6E,2026-05-10 16:32:18,2026-05-12 16:15:00,Lower Ringold,0,
Priest Rapids Tailrace CHN,2,G72DA8D6E,2026-05-10 16:32:18,2026-05-12 16:15:00,Hanford,0,
Priest Rapids Tailrace CHN,3,G72DC1294,2026-05-17 20:06:19,2026-05-19 15:26:00,Lower Ringold,1,2026-05-20 09:45:36
Priest Rapids Tailrace CHN,3,G72DC1294,2026-05-17 20:06:19,2026-05-19 15:26:00,Hanford,1,2026-05-20 12:41:00
Priest Rapids Tailrace CHN,3,G72DCB23B,2026-05-10 16:37:38,2026-05-12 16:15:00,Lower Ringold,0,
Priest Rapids Tailrace CHN,3,G72DCB23B,2026-05-10 16:37:38,2026-05-12 16:15:00,Hanford,0,
Priest Rapids Tailrace CHN,1,G72DDEE87,2026-05-09 17:03:16,2026-05-11 16:32:00,Lower Ringold,1,2026-05-12 07:11:43
Priest Rapids Tailrace CHN,1,G72DDEE87,2026-05-09 17:03:16,2026-05-11 16:32:00,Hanford,1,2026-05-12 10:18:57
Priest Rapids Tailrace CHN,3,G72DEC82C,2026-05-09 17:40:59,2026-05-11 16:32:00,Lower Ringold,0,
Priest Rapids Tailrace CHN,3,G72DEC82C,2026-05-09 17:40:59,2026-05-11 16:32:00,Hanford,0,
Priest Rapids Tailrace CHN,2,G72E16CD7,2026-05-15 16:07:09,2026-05-17 16:25:00,Lower Ringold,0,
Priest Rapids Tailrace CHN,2,G72E16CD7,2026-05-15 16:07:09,2026-05-17 16:25:00,Hanford,0,
Priest Rapids Tailrace CHN,1,G72E26DDC,2026-05-09 17:27:46,2026-05-11 16:32:00,Lower Ringold,1,2026-05-12 05:43:31
Priest Rapids Tailrace CHN,1,G72E26DDC,2026-05-09 17:27:46,2026-05-11 16:32:00,Hanford,1,2026-05-12 08:48:45
Priest Rapids Tailrace CHN,3,G72E2D8D1,2026-05-15 16:13:41,2026-05-17 16:25:00,Lower Ringold,1,2026-05-19 07:22:24
Priest Rapids Tailrace CHN,3,G72E2D8D1,2026-05-15 16:13:41,2026-05-17 16:25:00,Hanford,1,2026-05-19 10:33:54
Priest Rapids Tailrace CHN,3,G72E35E44,2026-05-10 16:38:04,2026-05-12 16:15:00,Lower Ringold,1,2026-05-13 08:13:15
Priest Rapids Tailrace CHN,3,G72E35E44,2026-05-10 16:38:04,2026-05-12 16:15:00,Hanford,1,2026-05-13 11:22:45
Priest Rapids Tailrace CHN,1,G72E43F11,2026-05-17 20:21:48,2026-05-19 15:26:00,Lower Ringold,1,2026-05-20 05:59:54
Priest Rapids Tailrace CHN,1,G72E43F11,2026-05-17 20:21:48,2026-05-19 15:26:00,Hanford,1,2026-05-20 09:18:47
Priest Rapids Tailrace CHN,3,G72E4DAC7,2026-05-10 16:30:49,2026-05-12 16:15:00,Lower Ringold,1,2026-05-13 12:13:10
Priest Rapids Tailrace CHN,3,G72E4DAC7,2026-05-10 16:30:49,2026-05-12 16:15:00,Hanford,1,2026-05-13 16:25:07
Priest Rapids Tailrace CHN,2,G72E69F2F,2026-05-11 16:59:46,2026-05-14 16:30:00,Lower Ringold,1,2026-05-15 22:41:20
Priest Rapids Tailrace CHN,2,G72E69F2F,2026-05-11 16:59:46,2026-05-14 16:30:00,Hanford,1,2026-05-16 02:50:41
Priest Rapids Tailrace CHN,1,G72E77881,2026-05-15 16:22:51,2026-05-17 16:25:00,Lower Ringold,1,2026-05-18 05:50:38
Priest Rapids Tailrace CHN,1,G72E77881,2026-05-15 16:22:51,2026-05-17 16:25:00,Hanford,1,2026-05-18 09:01:14
Priest Rapids Tailrace CHN,2,G72E8A8CE,2026-05-09 17:18:28,2026-05-11 16:32:00,Lower Ringold,1,2026-05-12 07:17:14
Priest Rapids Tailrace CHN,2,G72E8A8CE,2026-05-09 17:18:28,2026-05-11 16:32:00,Hanford,1,2026-05-12 10:36:32
Priest Rapids Tailrace CHN,2,G72EA0032,2026-05-17 20:00:50,2026-05-19 15:26:00,Lower Ringold,1,2026-05-20 06:31:18
Priest Rapids Tailrace CHN,2,G72EA0032,2026-05-17 20:00:50,2026-05-19 15:26:00,Hanford,1,2026-05-20 20:45:43
Priest Rapids Tailrace CHN,1,G72EB56F0,2026-05-11 16:53:20,2026-05-14 16:30:00,Lower Ringold,1,2026-05-15 05:36:01
Priest Rapids Tailrace CHN,1,G72EB56F0,2026-05-11 16:53:20,2026-05-14 16:30:00,Hanford,1,2026-05-15 09:21:04
Priest Rapids Tailrace CHN,1,G72EB57AE,2026-05-17 20:19:46,2026-05-19 15:26:00,Lower Ringold,1,2026-05-20 19:38:53
Priest Rapids Tailrace CHN,1,G72EB57AE,2026-05-17 20:19:46,2026-05-19 15:26:00,Hanford,1,2026-05-21 03:38:56
Priest Rapids Tailrace CHN,1,G72EC115B,2026-05-10 16:39:04,2026-05-12 16:15:00,Lower Ringold,1,2026-05-13 07:51:29
Priest Rapids Tailrace CHN,1,G72EC115B,2026-05-10 16:39:04,2026-05-12 16:15:00,Hanford,1,2026-05-13 10:51:09
Priest Rapids Tailrace CHN,1,G72EE2DD7,2026-05-11 16:50:10,2026-05-14 16:30:00,Lower Ringold,1,2026-05-16 06:13:28
Priest Rapids Tailrace CHN,1,G72EE2DD7,2026-05-11 16:50:10,2026-05-14 16:30:00,Hanford,1,2026-05-16 09:42:41
Priest Rapids Tailrace CHN,3,G72EEBF7A,2026-05-10 16:37:09,2026-05-12 16:15:00,Lower Ringold,1,2026-05-13 14:40:41
Priest Rapids Tailrace CHN,3,G72EEBF7A,2026-05-10 16:37:09,2026-05-12 16:15:00,Hanford,1,2026-05-13 18:29:02
Priest Rapids Tailrace CHN,2,G72EF52AA,2026-05-14 17:25:56,2026-05-16 16:35:00,Lower Ringold,1,2026-05-17 14:40:54
Priest Rapids Tailrace CHN,2,G72EF52AA,2026-05-14 17:25:56,2026-05-16 16:35:00,Hanford,1,2026-05-17 19:26:51
Priest Rapids Tailrace CHN,3,G72EFE8E6,2026-05-12 16:40:17,2026-05-15 17:05:00,Lower Ringold,1,2026-05-16 09:23:40
Priest Rapids Tailrace CHN,3,G72EFE8E6,2026-05-12 16:40:17,2026-05-15 17:05:00,Hanford,1,2026-05-16 12:13:58
Priest Rapids Tailrace CHN,1,G72F137C0,2026-05-09 17:01:33,2026-05-11 16:32:00,Lower Ringold,1,2026-05-14 11:59:33
Priest Rapids Tailrace CHN,1,G72F137C0,2026-05-09 17:01:33,2026-05-11 16:32:00,Hanford,1,2026-05-14 16:11:13
Priest Rapids Tailrace CHN,1,G72F32F0E,2026-05-10 16:40:54,2026-05-12 16:15:00,Lower Ringold,1,2026-05-13 07:31:10
Priest Rapids Tailrace CHN,1,G72F32F0E,2026-05-10 16:40:54,2026-05-12 16:15:00,Hanford,1,2026-05-13 11:17:11
Priest Rapids Tailrace CHN,1,G72F37908,2026-05-10 16:43:22,2026-05-12 16:15:00,Lower Ringold,1,2026-05-13 09:24:25
Priest Rapids Tailrace CHN,1,G72F37908,2026-05-10 16:43:22,2026-05-12 16:15:00,Hanford,1,2026-05-13 12:30:24
Priest Rapids Tailrace CHN,1,G72F3A740,2026-05-09 16:59:21,2026-05-11 16:32:00,Lower Ringold,1,2026-05-12 20:23:38
Priest Rapids Tailrace CHN,1,G72F3A740,2026-05-09 16:59:21,2026-05-11 16:32:00,Hanford,1,2026-05-13 00:07:56
Priest Rapids Tailrace CHN,3,G72F43B9C,2026-05-15 16:26:42,2026-05-17 16:25:00,Lower Ringold,1,2026-05-19 04:24:30
Priest Rapids Tailrace CHN,3,G72F43B9C,2026-05-15 16:26:42,2026-05-17 16:25:00,Hanford,1,2026-05-19 07:31:50
Priest Rapids Tailrace CHN,3,G72F4C32A,2026-05-14 17:39:30,2026-05-16 16:35:00,Lower Ringold,1,2026-05-17 06:15:17
Priest Rapids Tailrace CHN,3,G72F4C32A,2026-05-14 17:39:30,2026-05-16 16:35:00,Hanford,1,2026-05-17 09:56:29
Priest Rapids Tailrace CHN,1,G72F52979,2026-05-15 16:19:52,2026-05-17 16:25:00,Lower Ringold,1,2026-05-18 05:29:37
Priest Rapids Tailrace CHN,1,G72F52979,2026-05-15 16:19:52,2026-05-17 16:25:00,Hanford,1,2026-05-18 13:03:11
Priest Rapids Tailrace CHN,1,G72F5EE30,2026-05-15 16:24:38,2026-05-17 16:25:00,Lower Ringold,0,
Priest Rapids Tailrace CHN,1,G72F5EE30,2026-05-15 16:24:38,2026-05-17 16:25:00,Hanford,0,
Priest Rapids Tailrace CHN,1,G72F613EC,2026-05-17 20:04:28,2026-05-19 15:26:00,Lower Ringold,1,2026-05-20 12:43:30
Priest Rapids Tailrace CHN,1,G72F613EC,2026-05-17 20:04:28,2026-05-19 15:26:00,Hanford,1,2026-05-20 16:56:37
Priest Rapids Tailrace CHN,1,G72F6220C,2026-05-15 16:23:09,2026-05-17 16:25:00,Lower Ringold,1,2026-05-18 04:36:24
Priest Rapids Tailrace CHN,1,G72F6220C,2026-05-15 16:23:09,2026-05-17 16:25:00,Hanford,1,2026-05-18 12:44:01
Priest Rapids Tailrace CHN,2,G72F90708,2026-05-12 16:52:05,2026-05-15 17:05:00,Lower Ringold,1,2026-05-16 21:18:56
Priest Rapids Tailrace CHN,2,G72F90708,2026-05-12 16:52:05,2026-05-15 17:05:00,Hanford,1,2026-05-17 01:35:37
Priest Rapids Tailrace CHN,2,G72F90D76,2026-05-09 17:05:28,2026-05-11 16:32:00,Lower Ringold,1,2026-05-15 06:50:56
Priest Rapids Tailrace CHN,2,G72F90D76,2026-05-09 17:05:28,2026-05-11 16:32:00,Hanford,1,2026-05-15 09:54:30
Priest Rapids Tailrace CHN,1,G72FB3938,2026-05-09 17:04:15,2026-05-11 16:32:00,Lower Ringold,0,
Priest Rapids Tailrace CHN,1,G72FB3938,2026-05-09 17:04:15,2026-05-11 16:32:00,Hanford,0,
Priest Rapids Tailrace STH,2,G7201E650,2026-05-15 17:20:15,2026-05-17 16:25:00,Lower Ringold,0,
Priest Rapids Tailrace STH,2,G7201E650,2026-05-15 17:20:15,2026-05-17 16:25:00,Hanford,0,
Priest Rapids Tailrace STH,2,G72025EF5,2026-05-15 17:35:08,2026-05-17 16:25:00,Lower Ringold,1,2026-05-18 03:09:31
Priest Rapids Tailrace STH,2,G72025EF5,2026-05-15 17:35:08,2026-05-17 16:25:00,Hanford,1,2026-05-18 06:11:30
Priest Rapids Tailrace STH,1,G72055C27,2026-05-16 16:29:58,2026-05-18 17:15:00,Lower Ringold,1,2026-05-19 09:28:52
Priest Rapids Tailrace STH,1,G72055C27,2026-05-16 16:29:58,2026-05-18 17:15:00,Hanford,1,2026-05-19 12:25:19
Priest Rapids Tailrace STH,2,G720650D1,2026-05-16 16:37:20,2026-05-18 17:15:00,Lower Ringold,1,2026-05-22 22:54:43
Priest Rapids Tailrace STH,2,G720650D1,2026-05-16 16:37:20,2026-05-18 17:15:00,Hanford,1,2026-05-23 02:34:57
Priest Rapids Tailrace STH,2,G72081115,2026-05-22 20:32:03,2026-05-24 16:18:00,Lower Ringold,0,
Priest Rapids Tailrace STH,2,G72081115,2026-05-22 20:32:03,2026-05-24 16:18:00,Hanford,0,
Priest Rapids Tailrace STH,1,G72092DCC,2026-05-21 19:50:53,2026-05-23 17:10:00,Lower Ringold,1,2026-06-15 04:59:50
Priest Rapids Tailrace STH,1,G72092DCC,2026-05-21 19:50:53,2026-05-23 17:10:00,Hanford,1,2026-06-15 07:45:34
Priest Rapids Tailrace STH,1,G720C61D6,2026-05-20 18:50:46,2026-05-22 16:26:00,Lower Ringold,1,2026-05-23 05:57:53
Priest Rapids Tailrace STH,1,G720C61D6,2026-05-20 18:50:46,2026-05-22 16:26:00,Hanford,1,2026-05-23 08:59:26
Priest Rapids Tailrace STH,3,G72109A23,2026-05-16 16:45:41,2026-05-19 15:26:00,Lower Ringold,1,2026-05-20 05:31:48
Priest Rapids Tailrace STH,3,G72109A23,2026-05-16 16:45:41,2026-05-19 15:26:00,Hanford,1,2026-05-20 08:44:52
Priest Rapids Tailrace STH,1,G72130E06,2026-05-16 16:33:28,2026-05-18 17:15:00,Lower Ringold,1,2026-05-19 08:30:20
Priest Rapids Tailrace STH,1,G72130E06,2026-05-16 16:33:28,2026-05-18 17:15:00,Hanford,1,2026-05-19 11:35:58
Priest Rapids Tailrace STH,2,G7213F06D,2026-05-18 19:50:42,2026-05-20 16:19:00,Lower Ringold,1,2026-05-23 07:41:25
Priest Rapids Tailrace STH,2,G7213F06D,2026-05-18 19:50:42,2026-05-20 16:19:00,Hanford,1,2026-05-23 10:56:55
Priest Rapids Tailrace STH,3,G7216107B,2026-05-16 16:28:36,2026-05-18 17:15:00,Lower Ringold,1,2026-05-19 20:48:14
Priest Rapids Tailrace STH,3,G7216107B,2026-05-16 16:28:36,2026-05-18 17:15:00,Hanford,1,2026-05-20 03:30:51
Priest Rapids Tailrace STH,3,G72161399,2026-05-21 19:36:55,2026-05-23 17:10:00,Lower Ringold,0,
Priest Rapids Tailrace STH,3,G72161399,2026-05-21 19:36:55,2026-05-23 17:10:00,Hanford,0,
Priest Rapids Tailrace STH,2,G7218E750,2026-05-18 19:51:44,2026-05-20 16:19:00,Lower Ringold,0,
Priest Rapids Tailrace STH,2,G7218E750,2026-05-18 19:51:44,2026-05-20 16:19:00,Hanford,0,
Priest Rapids Tailrace STH,2,G72190BDE,2026-05-21 19:55:21,2026-05-24 16:18:00,Lower Ringold,0,
Priest Rapids Tailrace STH,2,G72190BDE,2026-05-21 19:55:21,2026-05-24 16:18:00,Hanford,0,
Priest Rapids Tailrace STH,2,G72191402,2026-05-16 16:40:05,2026-05-19 15:26:00,Lower Ringold,1,2026-05-20 06:34:10
Priest Rapids Tailrace STH,2,G72191402,2026-05-16 16:40:05,2026-05-19 15:26:00,Hanford,1,2026-05-20 09:37:50
Priest Rapids Tailrace STH,2,G721A8518,2026-05-15 17:32:16,2026-05-17 16:25:00,Lower Ringold,1,2026-05-18 04:32:01
Priest Rapids Tailrace STH,2,G721A8518,2026-05-15 17:32:16,2026-05-17 16:25:00,Hanford,1,2026-05-18 08:04:48
Priest Rapids Tailrace STH,1,G721C3AC1,2026-05-15 17:20:50,2026-05-17 16:25:00,Lower Ringold,1,2026-05-18 03:03:51
Priest Rapids Tailrace STH,1,G721C3AC1,2026-05-15 17:20:50,2026-05-17 16:25:00,Hanford,1,2026-05-18 05:52:08
Priest Rapids Tailrace STH,2,G721CB28F,2026-05-18 19:52:09,2026-05-20 16:19:00,Lower Ringold,0,
Priest Rapids Tailrace STH,2,G721CB28F,2026-05-18 19:52:09,2026-05-20 16:19:00,Hanford,0,
Priest Rapids Tailrace STH,2,G721D5F5F,2026-05-15 17:34:14,2026-05-17 16:25:00,Lower Ringold,1,2026-05-18 08:23:22
Priest Rapids Tailrace STH,2,G721D5F5F,2026-05-15 17:34:14,2026-05-17 16:25:00,Hanford,1,2026-05-18 11:55:07
Priest Rapids Tailrace STH,2,G72228A02,2026-05-20 18:44:12,2026-05-22 16:26:00,Lower Ringold,1,2026-06-05 16:52:13
Priest Rapids Tailrace STH,2,G72228A02,2026-05-20 18:44:12,2026-05-22 16:26:00,Hanford,1,2026-06-05 19:05:48
Priest Rapids Tailrace STH,2,G7222EF58,2026-05-21 19:34:23,2026-05-23 17:10:00,Lower Ringold,1,2026-05-24 15:52:05
Priest Rapids Tailrace STH,2,G7222EF58,2026-05-21 19:34:23,2026-05-23 17:10:00,Hanford,1,2026-05-24 19:15:01
Priest Rapids Tailrace STH,2,G7222F1DA,2026-05-21 19:48:53,2026-05-23 17:10:00,Lower Ringold,1,2026-05-24 06:19:22
Priest Rapids Tailrace STH,2,G7222F1DA,2026-05-21 19:48:53,2026-05-23 17:10:00,Hanford,1,2026-05-24 09:48:44
Priest Rapids Tailrace STH,2,G72239444,2026-05-16 16:38:21,2026-05-19 15:26:00,Lower Ringold,1,2026-05-20 07:14:01
Priest Rapids Tailrace STH,2,G72239444,2026-05-16 16:38:21,2026-05-19 15:26:00,Hanford,1,2026-05-20 10:25:52
Priest Rapids Tailrace STH,2,G722446C1,2026-05-19 19:29:59,2026-05-21 16:17:00,Lower Ringold,0,
Priest Rapids Tailrace STH,2,G722446C1,2026-05-19 19:29:59,2026-05-21 16:17:00,Hanford,0,
Priest Rapids Tailrace STH,2,G722576BB,2026-05-16 16:41:18,2026-05-19 15:26:00,Lower Ringold,1,2026-05-20 03:51:48
Priest Rapids Tailrace STH,2,G722576BB,2026-05-16 16:41:18,2026-05-19 15:26:00,Hanford,1,2026-05-20 07:12:49
Priest Rapids Tailrace STH,1,G72269266,2026-05-16 16:36:11,2026-05-18 17:15:00,Lower Ringold,1,2026-05-20 00:43:24
Priest Rapids Tailrace STH,1,G72269266,2026-05-16 16:36:11,2026-05-18 17:15:00,Hanford,1,2026-05-20 14:58:48
Priest Rapids Tailrace STH,1,G7227E0E6,2026-05-15 17:16:13,2026-05-17 16:25:00,Lower Ringold,1,2026-05-18 03:46:10
Priest Rapids Tailrace STH,1,G7227E0E6,2026-05-15 17:16:13,2026-05-17 16:25:00,Hanford,1,2026-05-18 06:51:14
Priest Rapids Tailrace STH,1,G72307397,2026-05-19 19:31:23,2026-05-21 16:17:00,Lower Ringold,0,
Priest Rapids Tailrace STH,1,G72307397,2026-05-19 19:31:23,2026-05-21 16:17:00,Hanford,0,
Priest Rapids Tailrace STH,3,G72312B4A,2026-05-20 19:04:29,2026-05-22 16:26:00,Lower Ringold,1,2026-05-23 11:17:55
Priest Rapids Tailrace STH,3,G72312B4A,2026-05-20 19:04:29,2026-05-22 16:26:00,Hanford,1,2026-05-24 08:54:02
Priest Rapids Tailrace STH,3,G72319A26,2026-05-15 17:29:17,2026-05-17 16:25:00,Lower Ringold,0,
Priest Rapids Tailrace STH,3,G72319A26,2026-05-15 17:29:17,2026-05-17 16:25:00,Hanford,0,
Priest Rapids Tailrace STH,1,G7233FEB3,2026-05-15 17:27:18,2026-05-17 16:25:00,Lower Ringold,1,2026-05-18 06:44:57
Priest Rapids Tailrace STH,1,G7233FEB3,2026-05-15 17:27:18,2026-05-17 16:25:00,Hanford,1,2026-05-18 09:58:53
Priest Rapids Tailrace STH,3,G7235698B,2026-05-16 16:29:01,2026-05-18 17:15:00,Lower Ringold,1,2026-05-19 12:22:09
Priest Rapids Tailrace STH,3,G7235698B,2026-05-16 16:29:01,2026-05-18 17:15:00,Hanford,1,2026-05-19 15:34:14
Priest Rapids Tailrace STH,3,G7236DB50,2026-05-15 17:34:43,2026-05-17 16:25:00,Lower Ringold,1,2026-05-19 13:39:49
Priest Rapids Tailrace STH,3,G7236DB50,2026-05-15 17:34:43,2026-05-17 16:25:00,Hanford,1,2026-05-20 07:06:20
Priest Rapids Tailrace STH,2,G72385B00,2026-05-20 18:54:51,2026-05-22 16:26:00,Lower Ringold,0,
Priest Rapids Tailrace STH,2,G72385B00,2026-05-20 18:54:51,2026-05-22 16:26:00,Hanford,0,
Priest Rapids Tailrace STH,2,G7239DE77,2026-05-20 18:53:32,2026-05-22 16:26:00,Lower Ringold,1,2026-05-23 07:52:37
Priest Rapids Tailrace STH,2,G7239DE77,2026-05-20 18:53:32,2026-05-22 16:26:00,Hanford,1,2026-05-23 10:56:31
Priest Rapids Tailrace STH,2,G723AA327,2026-05-15 17:21:58,2026-05-17 16:25:00,Lower Ringold,0,
Priest Rapids Tailrace STH,2,G723AA327,2026-05-15 17:21:58,2026-05-17 16:25:00,Hanford,0,
Priest Rapids Tailrace STH,1,G723D28E5,2026-05-15 17:19:47,2026-05-17 16:25:00,Lower Ringold,0,
Priest Rapids Tailrace STH,1,G723D28E5,2026-05-15 17:19:47,2026-05-17 16:25:00,Hanford,0,
Priest Rapids Tailrace STH,1,G723DEC4E,2026-05-18 19:51:15,2026-05-20 16:19:00,Lower Ringold,1,2026-05-21 04:23:57
Priest Rapids Tailrace STH,1,G723DEC4E,2026-05-18 19:51:15,2026-05-20 16:19:00,Hanford,1,2026-05-21 07:09:50
Priest Rapids Tailrace STH,2,G723F292A,2026-05-21 19:46:12,2026-05-23 17:10:00,Lower Ringold,1,2026-05-24 05:25:55
Priest Rapids Tailrace STH,2,G723F292A,2026-05-21 19:46:12,2026-05-23 17:10:00,Hanford,1,2026-05-24 09:21:24
Priest Rapids Tailrace STH,2,G723F60F0,2026-05-16 16:35:17,2026-05-18 17:15:00,Lower Ringold,1,2026-05-19 16:29:04
Priest Rapids Tailrace STH,2,G723F60F0,2026-05-16 16:35:17,2026-05-18 17:15:00,Hanford,1,2026-05-19 20:58:05
Priest Rapids Tailrace STH,2,G723F8019,2026-05-18 19:52:33,2026-05-20 16:19:00,Lower Ringold,1,2026-05-21 12:20:03
Priest Rapids Tailrace STH,2,G723F8019,2026-05-18 19:52:33,2026-05-20 16:19:00,Hanford,1,2026-05-21 15:30:41
Priest Rapids Tailrace STH,2,G723FA45B,2026-05-21 19:53:25,2026-05-24 16:18:00,Lower Ringold,1,2026-05-25 03:21:50
Priest Rapids Tailrace STH,2,G723FA45B,2026-05-21 19:53:25,2026-05-24 16:18:00,Hanford,1,2026-05-25 06:48:39
Priest Rapids Tailrace STH,3,G723FE41D,2026-05-19 19:28:56,2026-05-21 16:17:00,Lower Ringold,0,
Priest Rapids Tailrace STH,3,G723FE41D,2026-05-19 19:28:56,2026-05-21 16:17:00,Hanford,0,
Priest Rapids Tailrace STH,2,G72412F9D,2026-05-21 19:35:42,2026-05-23 17:10:00,Lower Ringold,1,2026-05-25 05:11:24
Priest Rapids Tailrace STH,2,G72412F9D,2026-05-21 19:35:42,2026-05-23 17:10:00,Hanford,1,2026-05-25 08:31:00
Priest Rapids Tailrace STH,2,G7241E148,2026-05-17 19:46:27,2026-05-19 15:26:00,Lower Ringold,1,2026-06-04 09:43:18
Priest Rapids Tailrace STH,2,G7241E148,2026-05-17 19:46:27,2026-05-19 15:26:00,Hanford,1,2026-06-05 04:11:08
Priest Rapids Tailrace STH,2,G72435ACB,2026-05-21 19:42:19,2026-05-23 17:10:00,Lower Ringold,1,2026-06-06 09:23:00
Priest Rapids Tailrace STH,2,G72435ACB,2026-05-21 19:42:19,2026-05-23 17:10:00,Hanford,1,2026-06-06 12:14:47
Priest Rapids Tailrace STH,2,G7243C59B,2026-05-22 20:42:56,2026-05-24 16:18:00,Lower Ringold,1,2026-05-25 09:43:43
Priest Rapids Tailrace STH,2,G7243C59B,2026-05-22 20:42:56,2026-05-24 16:18:00,Hanford,1,2026-05-25 12:49:46
Priest Rapids Tailrace STH,2,G7244E82B,2026-05-21 19:49:34,2026-05-23 17:10:00,Lower Ringold,1,2026-05-24 05:26:40
Priest Rapids Tailrace STH,2,G7244E82B,2026-05-21 19:49:34,2026-05-23 17:10:00,Hanford,1,2026-05-24 08:37:57
Priest Rapids Tailrace STH,1,G724979ED,2026-05-20 18:49:04,2026-05-22 16:26:00,Lower Ringold,1,2026-05-23 04:11:58
Priest Rapids Tailrace STH,1,G724979ED,2026-05-20 18:49:04,2026-05-22 16:26:00,Hanford,1,2026-05-23 07:42:09
Priest Rapids Tailrace STH,1,G724BD2F3,2026-05-21 19:22:03,2026-05-23 17:10:00,Lower Ringold,1,2026-05-24 17:37:02
Priest Rapids Tailrace STH,1,G724BD2F3,2026-05-21 19:22:03,2026-05-23 17:10:00,Hanford,1,2026-05-24 20:23:32
Priest Rapids Tailrace STH,2,G724D7CE9,2026-05-19 19:31:01,2026-05-21 16:17:00,Lower Ringold,1,2026-05-22 03:23:15
Priest Rapids Tailrace STH,2,G724D7CE9,2026-05-19 19:31:01,2026-05-21 16:17:00,Hanford,1,2026-05-22 06:15:18
Priest Rapids Tailrace STH,2,G724E6AFC,2026-05-15 17:27:46,2026-05-17 16:25:00,Lower Ringold,1,2026-05-18 05:40:04
Priest Rapids Tailrace STH,2,G724E6AFC,2026-05-15 17:27:46,2026-05-17 16:25:00,Hanford,1,2026-05-18 09:12:07
Priest Rapids Tailrace STH,3,G724F2A7E,2026-05-15 17:23:33,2026-05-17 16:25:00,Lower Ringold,0,
Priest Rapids Tailrace STH,3,G724F2A7E,2026-05-15 17:23:33,2026-05-17 16:25:00,Hanford,0,
Priest Rapids Tailrace STH,3,G72522F24,2026-05-21 19:45:04,2026-05-23 17:10:00,Lower Ringold,0,
Priest Rapids Tailrace STH,3,G72522F24,2026-05-21 19:45:04,2026-05-23 17:10:00,Hanford,0,
Priest Rapids Tailrace STH,3,G72556690,2026-05-16 16:29:20,2026-05-18 17:15:00,Lower Ringold,0,
Priest Rapids Tailrace STH,3,G72556690,2026-05-16 16:29:20,2026-05-18 17:15:00,Hanford,0,
Priest Rapids Tailrace STH,2,G725629C2,2026-05-21 19:20:02,2026-05-23 17:10:00,Lower Ringold,1,2026-05-24 13:29:06
Priest Rapids Tailrace STH,2,G725629C2,2026-05-21 19:20:02,2026-05-23 17:10:00,Hanford,1,2026-05-24 16:17:49
Priest Rapids Tailrace STH,2,G72581503,2026-05-22 20:28:55,2026-05-24 16:18:00,Lower Ringold,1,2026-05-25 11:42:00
Priest Rapids Tailrace STH,2,G72581503,2026-05-22 20:28:55,2026-05-24 16:18:00,Hanford,1,2026-05-26 11:47:34
Priest Rapids Tailrace STH,1,G725A4D8B,2026-05-22 20:39:07,2026-05-24 16:18:00,Lower Ringold,1,2026-05-25 06:52:14
Priest Rapids Tailrace STH,1,G725A4D8B,2026-05-22 20:39:07,2026-05-24 16:18:00,Hanford,1,2026-05-25 11:03:25
Priest Rapids Tailrace STH,1,G725CCDAD,2026-05-20 19:00:07,2026-05-22 16:26:00,Lower Ringold,1,2026-05-23 09:57:32
Priest Rapids Tailrace STH,1,G725CCDAD,2026-05-20 19:00:07,2026-05-22 16:26:00,Hanford,1,2026-05-23 18:27:15
Priest Rapids Tailrace STH,1,G725E488F,2026-05-21 19:25:39,2026-05-23 17:10:00,Lower Ringold,1,2026-05-25 12:52:08
Priest Rapids Tailrace STH,1,G725E488F,2026-05-21 19:25:39,2026-05-23 17:10:00,Hanford,1,2026-05-25 15:48:25
Priest Rapids Tailrace STH,1,G725EEC41,2026-05-15 17:22:33,2026-05-17 16:25:00,Lower Ringold,1,2026-05-18 03:37:53
Priest Rapids Tailrace STH,1,G725EEC41,2026-05-15 17:22:33,2026-05-17 16:25:00,Hanford,1,2026-05-18 06:51:02
Priest Rapids Tailrace STH,1,G7263829F,2026-05-16 16:32:47,2026-05-18 17:15:00,Lower Ringold,1,2026-05-20 04:58:54
Priest Rapids Tailrace STH,1,G7263829F,2026-05-16 16:32:47,2026-05-18 17:15:00,Hanford,1,2026-05-20 08:10:41
Priest Rapids Tailrace STH,1,G726542FF,2026-05-16 16:32:14,2026-05-18 17:15:00,Lower Ringold,1,2026-05-19 07:27:07
Priest Rapids Tailrace STH,1,G726542FF,2026-05-16 16:32:14,2026-05-18 17:15:00,Hanford,0,
Priest Rapids Tailrace STH,3,G72683F73,2026-05-21 19:54:06,2026-05-24 16:18:00,Lower Ringold,1,2026-05-25 16:44:11
Priest Rapids Tailrace STH,3,G72683F73,2026-05-21 19:54:06,2026-05-24 16:18:00,Hanford,1,2026-05-26 04:32:19
Priest Rapids Tailrace STH,3,G7268853F,2026-05-20 18:56:04,2026-05-22 16:26:00,Lower Ringold,1,2026-05-23 05:03:26
Priest Rapids Tailrace STH,3,G7268853F,2026-05-20 18:56:04,2026-05-22 16:26:00,Hanford,1,2026-05-23 08:13:41
Priest Rapids Tailrace STH,2,G7269AFA6,2026-05-15 17:21:22,2026-05-17 16:25:00,Lower Ringold,1,2026-05-18 07:07:13
Priest Rapids Tailrace STH,2,G7269AFA6,2026-05-15 17:21:22,2026-05-17 16:25:00,Hanford,1,2026-05-18 10:26:52
Priest Rapids Tailrace STH,2,G726A8AEF,2026-05-21 19:44:15,2026-05-23 17:10:00,Lower Ringold,1,2026-05-24 04:14:29
Priest Rapids Tailrace STH,2,G726A8AEF,2026-05-21 19:44:15,2026-05-23 17:10:00,Hanford,1,2026-05-24 07:54:01
Priest Rapids Tailrace STH,3,G726B8E4A,2026-05-21 19:24:59,2026-05-23 17:10:00,Lower Ringold,1,2026-05-25 03:35:25
Priest Rapids Tailrace STH,3,G726B8E4A,2026-05-21 19:24:59,2026-05-23 17:10:00,Hanford,1,2026-05-25 07:00:27
Priest Rapids Tailrace STH,3,G726B9D35,2026-05-21 19:43:18,2026-05-23 17:10:00,Lower Ringold,0,
Priest Rapids Tailrace STH,3,G726B9D35,2026-05-21 19:43:18,2026-05-23 17:10:00,Hanford,0,
Priest Rapids Tailrace STH,3,G726D332F,2026-05-16 16:37:37,2026-05-18 17:15:00,Lower Ringold,1,2026-05-19 07:57:15
Priest Rapids Tailrace STH,3,G726D332F,2026-05-16 16:37:37,2026-05-18 17:15:00,Hanford,1,2026-05-19 11:18:10
Priest Rapids Tailrace STH,2,G726DEBBA,2026-05-19 19:27:38,2026-05-21 16:17:00,Lower Ringold,1,2026-05-22 04:19:50
Priest Rapids Tailrace STH,2,G726DEBBA,2026-05-19 19:27:38,2026-05-21 16:17:00,Hanford,1,2026-05-22 07:11:34
Priest Rapids Tailrace STH,2,G726F343D,2026-05-15 17:17:03,2026-05-17 16:25:00,Lower Ringold,1,2026-05-18 02:58:32
Priest Rapids Tailrace STH,2,G726F343D,2026-05-15 17:17:03,2026-05-17 16:25:00,Hanford,1,2026-05-18 06:12:41
Priest Rapids Tailrace STH,1,G7271C146,2026-05-20 19:02:28,2026-05-22 16:26:00,Lower Ringold,1,2026-05-24 10:37:45
Priest Rapids Tailrace STH,1,G7271C146,2026-05-20 19:02:28,2026-05-22 16:26:00,Hanford,0,
Priest Rapids Tailrace STH,1,G7272DAAE,2026-05-22 20:20:48,2026-05-24 16:18:00,Lower Ringold,1,2026-05-29 01:41:18
Priest Rapids Tailrace STH,1,G7272DAAE,2026-05-22 20:20:48,2026-05-24 16:18:00,Hanford,1,2026-05-31 05:52:23
Priest Rapids Tailrace STH,1,G72730043,2026-05-16 16:31:37,2026-05-18 17:15:00,Lower Ringold,1,2026-05-20 14:42:16
Priest Rapids Tailrace STH,1,G72730043,2026-05-16 16:31:37,2026-05-18 17:15:00,Hanford,1,2026-05-21 04:12:59
Priest Rapids Tailrace STH,3,G7275C9BF,2026-05-15 17:28:57,2026-05-17 16:25:00,Lower Ringold,1,2026-05-18 03:59:30
Priest Rapids Tailrace STH,3,G7275C9BF,2026-05-15 17:28:57,2026-05-17 16:25:00,Hanford,1,2026-05-18 07:13:38
Priest Rapids Tailrace STH,3,G7275F901,2026-05-20 18:43:40,2026-05-22 16:26:00,Lower Ringold,0,
Priest Rapids Tailrace STH,3,G7275F901,2026-05-20 18:43:40,2026-05-22 16:26:00,Hanford,0,
Priest Rapids Tailrace STH,3,G72764838,2026-05-16 16:36:35,2026-05-18 17:15:00,Lower Ringold,1,2026-05-19 08:56:41
Priest Rapids Tailrace STH,3,G72764838,2026-05-16 16:36:35,2026-05-18 17:15:00,Hanford,1,2026-05-19 12:08:11
Priest Rapids Tailrace STH,2,G727C7720,2026-05-16 16:27:51,2026-05-18 17:15:00,Lower Ringold,1,2026-05-20 11:19:46
Priest Rapids Tailrace STH,2,G727C7720,2026-05-16 16:27:51,2026-05-18 17:15:00,Hanford,1,2026-05-20 14:15:24
Priest Rapids Tailrace STH,2,G727C904A,2026-05-15 17:25:33,2026-05-17 16:25:00,Lower Ringold,1,2026-05-18 02:38:50
Priest Rapids Tailrace STH,2,G727C904A,2026-05-15 17:25:33,2026-05-17 16:25:00,Hanford,1,2026-05-18 05:54:57
Priest Rapids Tailrace STH,3,G72838108,2026-05-16 16:39:33,2026-05-19 15:26:00,Lower Ringold,1,2026-05-20 07:49:22
Priest Rapids Tailrace STH,3,G72838108,2026-05-16 16:39:33,2026-05-19 15:26:00,Hanford,1,2026-05-20 11:02:53
Priest Rapids Tailrace STH,2,G7283FC0D,2026-05-19 19:29:23,2026-05-21 16:17:00,Lower Ringold,1,2026-05-22 03:03:12
Priest Rapids Tailrace STH,2,G7283FC0D,2026-05-19 19:29:23,2026-05-21 16:17:00,Hanford,1,2026-05-22 06:25:49
Priest Rapids Tailrace STH,1,G72840FF5,2026-05-18 19:50:12,2026-05-20 16:19:00,Lower Ringold,1,2026-05-21 03:35:20
Priest Rapids Tailrace STH,1,G72840FF5,2026-05-18 19:50:12,2026-05-20 16:19:00,Hanford,1,2026-05-21 06:26:22
Priest Rapids Tailrace STH,2,G72843F4B,2026-05-21 19:32:32,2026-05-23 17:10:00,Lower Ringold,1,2026-05-24 05:16:11
Priest Rapids Tailrace STH,2,G72843F4B,2026-05-21 19:32:32,2026-05-23 17:10:00,Hanford,1,2026-05-24 08:40:57
Priest Rapids Tailrace STH,2,G728465EE,2026-05-20 18:42:53,2026-05-22 16:26:00,Lower Ringold,0,
Priest Rapids Tailrace STH,2,G728465EE,2026-05-20 18:42:53,2026-05-22 16:26:00,Hanford,0,
Priest Rapids Tailrace STH,1,G7285380C,2026-05-22 20:26:15,2026-05-24 16:18:00,Lower Ringold,0,
Priest Rapids Tailrace STH,1,G7285380C,2026-05-22 20:26:15,2026-05-24 16:18:00,Hanford,0,
Priest Rapids Tailrace STH,2,G728550AB,2026-05-18 19:49:17,2026-05-20 16:19:00,Lower Ringold,0,
Priest Rapids Tailrace STH,2,G728550AB,2026-05-18 19:49:17,2026-05-20 16:19:00,Hanford,0,
Priest Rapids Tailrace STH,1,G7288E010,2026-05-21 19:41:18,2026-05-23 17:10:00,Lower Ringold,1,2026-05-24 04:14:56
Priest Rapids Tailrace STH,1,G7288E010,2026-05-21 19:41:18,2026-05-23 17:10:00,Hanford,1,2026-05-24 07:59:49
Priest Rapids Tailrace STH,1,G728907BE,2026-05-18 19:49:43,2026-05-20 16:19:00,Lower Ringold,1,2026-05-21 02:40:58
Priest Rapids Tailrace STH,1,G728907BE,2026-05-18 19:49:43,2026-05-20 16:19:00,Hanford,1,2026-05-21 05:28:04
Priest Rapids Tailrace STH,1,G7289159F,2026-05-16 16:30:31,2026-05-18 17:15:00,Lower Ringold,1,2026-05-31 12:13:47
Priest Rapids Tailrace STH,1,G7289159F,2026-05-16 16:30:31,2026-05-18 17:15:00,Hanford,1,2026-05-31 19:04:15
Priest Rapids Tailrace STH,1,G728984D0,2026-05-21 19:51:33,2026-05-23 17:10:00,Lower Ringold,0,
Priest Rapids Tailrace STH,1,G728984D0,2026-05-21 19:51:33,2026-05-23 17:10:00,Hanford,0,
Priest Rapids Tailrace STH,3,G72899B0C,2026-05-16 16:38:00,2026-05-18 17:15:00,Lower Ringold,1,2026-05-19 08:40:19
Priest Rapids Tailrace STH,3,G72899B0C,2026-05-16 16:38:00,2026-05-18 17:15:00,Hanford,1,2026-05-19 11:49:35
Priest Rapids Tailrace STH,3,G728A4DD3,2026-05-21 19:23:43,2026-05-23 17:10:00,Lower Ringold,1,2026-05-24 08:46:00
Priest Rapids Tailrace STH,3,G728A4DD3,2026-05-21 19:23:43,2026-05-23 17:10:00,Hanford,1,2026-05-24 11:51:35
Priest Rapids Tailrace STH,1,G728B4828,2026-05-20 19:03:00,2026-05-22 16:26:00,Lower Ringold,1,2026-05-23 08:43:22
Priest Rapids Tailrace STH,1,G728B4828,2026-05-20 19:03:00,2026-05-22 16:26:00,Hanford,1,2026-05-23 12:08:41
Priest Rapids Tailrace STH,3,G728DC74F,2026-05-16 16:37:00,2026-05-18 17:15:00,Lower Ringold,1,2026-05-19 10:52:52
Priest Rapids Tailrace STH,3,G728DC74F,2026-05-16 16:37:00,2026-05-18 17:15:00,Hanford,1,2026-05-19 14:03:22
Priest Rapids Tailrace STH,3,G728F588E,2026-05-22 20:26:59,2026-05-24 16:18:00,Lower Ringold,1,2026-05-30 20:40:56
Priest Rapids Tailrace STH,3,G728F588E,2026-05-22 20:26:59,2026-05-24 16:18:00,Hanford,1,2026-05-30 23:13:55
Priest Rapids Tailrace STH,3,G728FECDD,2026-05-22 20:43:55,2026-05-24 16:18:00,Lower Ringold,0,
Priest Rapids Tailrace STH,3,G728FECDD,2026-05-22 20:43:55,2026-05-24 16:18:00,Hanford,0,
Priest Rapids Tailrace STH,2,G72907907,2026-05-20 18:48:22,2026-05-22 16:26:00,Lower Ringold,0,
Priest Rapids Tailrace STH,2,G72907907,2026-05-20 18:48:22,2026-05-22 16:26:00,Hanford,0,
Priest Rapids Tailrace STH,1,G7292CDC5,2026-05-18 19:53:21,2026-05-20 16:19:00,Lower Ringold,1,2026-05-21 04:16:37
Priest Rapids Tailrace STH,1,G7292CDC5,2026-05-18 19:53:21,2026-05-20 16:19:00,Hanford,1,2026-05-21 07:37:16
Priest Rapids Tailrace STH,3,G7295C68B,2026-05-15 17:23:04,2026-05-17 16:25:00,Lower Ringold,1,2026-05-23 16:22:32
Priest Rapids Tailrace STH,3,G7295C68B,2026-05-15 17:23:04,2026-05-17 16:25:00,Hanford,1,2026-05-23 19:35:12
Priest Rapids Tailrace STH,1,G72967F70,2026-05-22 20:37:54,2026-05-24 16:18:00,Lower Ringold,1,2026-05-25 08:29:23
Priest Rapids Tailrace STH,1,G72967F70,2026-05-22 20:37:54,2026-05-24 16:18:00,Hanford,1,2026-05-25 11:23:34
Priest Rapids Tailrace STH,3,G729AEB4D,2026-05-20 18:59:30,2026-05-22 16:26:00,Lower Ringold,1,2026-05-23 09:28:47
Priest Rapids Tailrace STH,3,G729AEB4D,2026-05-20 18:59:30,2026-05-22 16:26:00,Hanford,1,2026-05-23 12:32:39
Priest Rapids Tailrace STH,2,G729C192F,2026-05-16 16:43:34,2026-05-19 15:26:00,Lower Ringold,1,2026-05-20 16:58:26
Priest Rapids Tailrace STH,2,G729C192F,2026-05-16 16:43:34,2026-05-19 15:26:00,Hanford,1,2026-05-20 20:12:57
Priest Rapids Tailrace STH,1,G729C47EB,2026-05-22 20:24:11,2026-05-24 16:18:00,Lower Ringold,1,2026-05-25 05:43:53
Priest Rapids Tailrace STH,1,G729C47EB,2026-05-22 20:24:11,2026-05-24 16:18:00,Hanford,1,2026-05-25 09:09:03
Priest Rapids Tailrace STH,2,G729C4CCB,2026-05-15 17:26:55,2026-05-17 16:25:00,Lower Ringold,1,2026-05-18 05:30:03
Priest Rapids Tailrace STH,2,G729C4CCB,2026-05-15 17:26:55,2026-05-17 16:25:00,Hanford,1,2026-05-18 08:56:36
Priest Rapids Tailrace STH,2,G729DCA5E,2026-05-15 17:26:12,2026-05-17 16:25:00,Lower Ringold,1,2026-05-18 10:46:32
Priest Rapids Tailrace STH,2,G729DCA5E,2026-05-15 17:26:12,2026-05-17 16:25:00,Hanford,1,2026-05-18 13:52:47
Priest Rapids Tailrace STH,3,G729EB08D,2026-05-19 19:31:56,2026-05-21 16:17:00,Lower Ringold,1,2026-05-22 04:24:21
Priest Rapids Tailrace STH,3,G729EB08D,2026-05-19 19:31:56,2026-05-21 16:17:00,Hanford,1,2026-05-22 07:06:32
Priest Rapids Tailrace STH,3,G729F3746,2026-05-21 19:47:55,2026-05-23 17:10:00,Lower Ringold,1,2026-06-06 22:43:15
Priest Rapids Tailrace STH,3,G729F3746,2026-05-21 19:47:55,2026-05-23 17:10:00,Hanford,1,2026-06-07 00:51:52
Priest Rapids Tailrace STH,3,G729F7C20,2026-05-15 17:17:43,2026-05-17 16:25:00,Lower Ringold,1,2026-05-18 09:06:00
Priest Rapids Tailrace STH,3,G729F7C20,2026-05-15 17:17:43,2026-05-17 16:25:00,Hanford,1,2026-05-18 12:25:14
Priest Rapids Tailrace STH,3,G72A0D8DB,2026-05-16 16:39:07,2026-05-19 15:26:00,Lower Ringold,1,2026-05-21 09:10:26
Priest Rapids Tailrace STH,3,G72A0D8DB,2026-05-16 16:39:07,2026-05-19 15:26:00,Hanford,0,
Priest Rapids Tailrace STH,1,G72A11CB4,2026-05-20 19:00:45,2026-05-22 16:26:00,Lower Ringold,1,2026-05-23 08:22:30
Priest Rapids Tailrace STH,1,G72A11CB4,2026-05-20 19:00:45,2026-05-22 16:26:00,Hanford,1,2026-05-23 11:38:15
Priest Rapids Tailrace STH,3,G72A13C97,2026-05-19 19:32:29,2026-05-22 16:26:00,Lower Ringold,1,2026-05-23 10:36:24
Priest Rapids Tailrace STH,3,G72A13C97,2026-05-19 19:32:29,2026-05-22 16:26:00,Hanford,1,2026-05-23 14:28:42
Priest Rapids Tailrace STH,1,G72A2AF31,2026-05-21 19:50:10,2026-05-23 17:10:00,Lower Ringold,1,2026-05-24 05:30:24
Priest Rapids Tailrace STH,1,G72A2AF31,2026-05-21 19:50:10,2026-05-23 17:10:00,Hanford,1,2026-05-24 08:59:23
Priest Rapids Tailrace STH,3,G72A69D08,2026-05-20 18:51:43,2026-05-22 16:26:00,Lower Ringold,0,
Priest Rapids Tailrace STH,3,G72A69D08,2026-05-20 18:51:43,2026-05-22 16:26:00,Hanford,0,
Priest Rapids Tailrace STH,2,G72A8BCA9,2026-05-20 18:47:54,2026-05-22 16:26:00,Lower Ringold,0,
Priest Rapids Tailrace STH,2,G72A8BCA9,2026-05-20 18:47:54,2026-05-22 16:26:00,Hanford,0,
Priest Rapids Tailrace STH,2,G72A8DF2E,2026-05-20 19:06:37,2026-05-22 16:26:00,Lower Ringold,1,2026-05-23 04:44:47
Priest Rapids Tailrace STH,2,G72A8DF2E,2026-05-20 19:06:37,2026-05-22 16:26:00,Hanford,1,2026-05-23 08:00:06
Priest Rapids Tailrace STH,1,G72ADB837,2026-05-21 19:28:19,2026-05-23 17:10:00,Lower Ringold,0,
Priest Rapids Tailrace STH,1,G72ADB837,2026-05-21 19:28:19,2026-05-23 17:10:00,Hanford,0,
Priest Rapids Tailrace STH,3,G72AF2397,2026-05-20 19:03:49,2026-05-22 16:26:00,Lower Ringold,1,2026-05-23 07:29:52
Priest Rapids Tailrace STH,3,G72AF2397,2026-05-20 19:03:49,2026-05-22 16:26:00,Hanford,1,2026-05-23 10:26:14
Priest Rapids Tailrace STH,1,G72B54DE6,2026-05-16 16:38:47,2026-05-19 15:26:00,Lower Ringold,1,2026-05-20 03:27:39
Priest Rapids Tailrace STH,1,G72B54DE6,2026-05-16 16:38:47,2026-05-19 15:26:00,Hanford,1,2026-05-20 06:28:52
Priest Rapids Tailrace STH,1,G72B77C97,2026-05-21 19:54:42,2026-05-24 16:18:00,Lower Ringold,1,2026-05-27 03:14:36
Priest Rapids Tailrace STH,1,G72B77C97,2026-05-21 19:54:42,2026-05-24 16:18:00,Hanford,1,2026-05-27 06:04:11
Priest Rapids Tailrace STH,3,G72B876F1,2026-05-18 19:52:58,2026-05-20 16:19:00,Lower Ringold,1,2026-05-21 02:45:42
Priest Rapids Tailrace STH,3,G72B876F1,2026-05-18 19:52:58,2026-05-20 16:19:00,Hanford,1,2026-05-21 05:19:17
Priest Rapids Tailrace STH,3,G72B95809,2026-05-20 18:46:11,2026-05-22 16:26:00,Lower Ringold,1,2026-05-23 03:26:03
Priest Rapids Tailrace STH,3,G72B95809,2026-05-20 18:46:11,2026-05-22 16:26:00,Hanford,1,2026-05-23 07:03:09
Priest Rapids Tailrace STH,1,G72BA2E79,2026-05-16 16:33:07,2026-05-18 17:15:00,Lower Ringold,1,2026-05-19 09:01:51
Priest Rapids Tailrace STH,1,G72BA2E79,2026-05-16 16:33:07,2026-05-18 17:15:00,Hanford,1,2026-05-19 12:14:01
Priest Rapids Tailrace STH,3,G72BB0AFF,2026-05-17 19:45:32,2026-05-19 15:26:00,Lower Ringold,1,2026-05-20 03:02:23
Priest Rapids Tailrace STH,3,G72BB0AFF,2026-05-17 19:45:32,2026-05-19 15:26:00,Hanford,1,2026-05-20 05:44:18
Priest Rapids Tailrace STH,3,G72BCF379,2026-05-15 17:28:32,2026-05-17 16:25:00,Lower Ringold,1,2026-05-18 03:28:24
Priest Rapids Tailrace STH,3,G72BCF379,2026-05-15 17:28:32,2026-05-17 16:25:00,Hanford,1,2026-05-18 06:39:58
Priest Rapids Tailrace STH,3,G72BD867A,2026-05-22 20:25:33,2026-05-24 16:18:00,Lower Ringold,1,2026-05-25 09:57:48
Priest Rapids Tailrace STH,3,G72BD867A,2026-05-22 20:25:33,2026-05-24 16:18:00,Hanford,1,2026-05-25 13:05:39
Priest Rapids Tailrace STH,3,G72BDC480,2026-05-16 16:41:52,2026-05-19 15:26:00,Lower Ringold,1,2026-05-20 08:45:36
Priest Rapids Tailrace STH,3,G72BDC480,2026-05-16 16:41:52,2026-05-19 15:26:00,Hanford,1,2026-05-20 11:33:57
Priest Rapids Tailrace STH,1,G72BE4459,2026-05-21 19:29:43,2026-05-23 17:10:00,Lower Ringold,1,2026-05-24 12:10:45
Priest Rapids Tailrace STH,1,G72BE4459,2026-05-21 19:29:43,2026-05-23 17:10:00,Hanford,1,2026-05-25 04:50:35
Priest Rapids Tailrace STH,1,G72BFB84A,2026-05-20 19:05:03,2026-05-22 16:26:00,Lower Ringold,0,
Priest Rapids Tailrace STH,1,G72BFB84A,2026-05-20 19:05:03,2026-05-22 16:26:00,Hanford,0,
Priest Rapids Tailrace STH,1,G72C02456,2026-05-15 17:35:38,2026-05-17 16:25:00,Lower Ringold,1,2026-05-26 07:26:09
Priest Rapids Tailrace STH,1,G72C02456,2026-05-15 17:35:38,2026-05-17 16:25:00,Hanford,1,2026-05-26 11:09:33
Priest Rapids Tailrace STH,1,G72C0EBDD,2026-05-15 17:19:08,2026-05-17 16:25:00,Lower Ringold,1,2026-05-18 03:44:50
Priest Rapids Tailrace STH,1,G72C0EBDD,2026-05-15 17:19:08,2026-05-17 16:25:00,Hanford,1,2026-05-18 06:48:31
Priest Rapids Tailrace STH,1,G72C23287,2026-05-20 18:50:12,2026-05-22 16:26:00,Lower Ringold,1,2026-05-23 06:42:09
Priest Rapids Tailrace STH,1,G72C23287,2026-05-20 18:50:12,2026-05-22 16:26:00,Hanford,1,2026-05-23 13:09:36
Priest Rapids Tailrace STH,1,G72C75B81,2026-05-20 18:46:45,2026-05-22 16:26:00,Lower Ringold,1,2026-05-23 10:32:19
Priest Rapids Tailrace STH,1,G72C75B81,2026-05-20 18:46:45,2026-05-22 16:26:00,Hanford,1,2026-05-24 04:05:50
Priest Rapids Tailrace STH,1,G72C7E22F,2026-05-16 16:40:52,2026-05-19 15:26:00,Lower Ringold,0,
Priest Rapids Tailrace STH,1,G72C7E22F,2026-05-16 16:40:52,2026-05-19 15:26:00,Hanford,0,
Priest Rapids Tailrace STH,1,G72C8D3D7,2026-05-15 17:18:25,2026-05-17 16:25:00,Lower Ringold,1,2026-05-19 08:43:36
Priest Rapids Tailrace STH,1,G72C8D3D7,2026-05-15 17:18:25,2026-05-17 16:25:00,Hanford,1,2026-05-19 11:53:24
Priest Rapids Tailrace STH,1,G72C93527,2026-05-15 17:16:40,2026-05-17 16:25:00,Lower Ringold,1,2026-05-18 03:44:24
Priest Rapids Tailrace STH,1,G72C93527,2026-05-15 17:16:40,2026-05-17 16:25:00,Hanford,1,2026-05-18 06:57:58
Priest Rapids Tailrace STH,1,G72CAA7DF,2026-05-20 18:57:47,2026-05-22 16:26:00,Lower Ringold,1,2026-05-23 11:09:14
Priest Rapids Tailrace STH,1,G72CAA7DF,2026-05-20 18:57:47,2026-05-22 16:26:00,Hanford,1,2026-05-24 04:11:24
Priest Rapids Tailrace STH,1,G72CC4CBC,2026-05-22 20:21:39,2026-05-24 16:18:00,Lower Ringold,1,2026-05-26 03:05:03
Priest Rapids Tailrace STH,1,G72CC4CBC,2026-05-22 20:21:39,2026-05-24 16:18:00,Hanford,1,2026-05-26 07:01:16
Priest Rapids Tailrace STH,1,G72CD4339,2026-05-20 18:47:16,2026-05-22 16:26:00,Lower Ringold,1,2026-05-23 10:46:48
Priest Rapids Tailrace STH,1,G72CD4339,2026-05-20 18:47:16,2026-05-22 16:26:00,Hanford,1,2026-05-23 14:15:58
Priest Rapids Tailrace STH,3,G72CFD43A,2026-05-22 20:33:22,2026-05-24 16:18:00,Lower Ringold,0,
Priest Rapids Tailrace STH,3,G72CFD43A,2026-05-22 20:33:22,2026-05-24 16:18:00,Hanford,0,
Priest Rapids Tailrace STH,1,G72D06E82,2026-05-16 16:35:48,2026-05-18 17:15:00,Lower Ringold,1,2026-05-19 10:14:59
Priest Rapids Tailrace STH,1,G72D06E82,2026-05-16 16:35:48,2026-05-18 17:15:00,Hanford,1,2026-05-19 13:10:47
Priest Rapids Tailrace STH,1,G72D36AB6,2026-05-15 17:32:42,2026-05-17 16:25:00,Lower Ringold,1,2026-05-18 04:09:16
Priest Rapids Tailrace STH,1,G72D36AB6,2026-05-15 17:32:42,2026-05-17 16:25:00,Hanford,1,2026-05-18 07:20:51
Priest Rapids Tailrace STH,1,G72D3EA3A,2026-05-22 20:22:44,2026-05-24 16:18:00,Lower Ringold,1,2026-05-25 08:21:15
Priest Rapids Tailrace STH,1,G72D3EA3A,2026-05-22 20:22:44,2026-05-24 16:18:00,Hanford,1,2026-05-25 11:25:44
Priest Rapids Tailrace STH,1,G72D72209,2026-05-20 18:58:41,2026-05-22 16:26:00,Lower Ringold,1,2026-05-24 19:44:53
Priest Rapids Tailrace STH,1,G72D72209,2026-05-20 18:58:41,2026-05-22 16:26:00,Hanford,1,2026-05-25 09:36:03
Priest Rapids Tailrace STH,1,G72D77551,2026-05-15 17:31:02,2026-05-17 16:25:00,Lower Ringold,0,
Priest Rapids Tailrace STH,1,G72D77551,2026-05-15 17:31:02,2026-05-17 16:25:00,Hanford,0,
Priest Rapids Tailrace STH,1,G72D7C43D,2026-05-16 16:30:54,2026-05-18 17:15:00,Lower Ringold,1,2026-05-20 03:12:20
Priest Rapids Tailrace STH,1,G72D7C43D,2026-05-16 16:30:54,2026-05-18 17:15:00,Hanford,1,2026-05-20 05:38:58
Priest Rapids Tailrace STH,1,G72D9895A,2026-05-15 17:30:14,2026-05-17 16:25:00,Lower Ringold,1,2026-05-19 04:37:33
Priest Rapids Tailrace STH,1,G72D9895A,2026-05-15 17:30:14,2026-05-17 16:25:00,Hanford,1,2026-05-19 07:48:41
Priest Rapids Tailrace STH,3,G72DA68B8,2026-05-20 18:49:46,2026-05-22 16:26:00,Lower Ringold,1,2026-05-23 07:39:27
Priest Rapids Tailrace STH,3,G72DA68B8,2026-05-20 18:49:46,2026-05-22 16:26:00,Hanford,1,2026-05-23 10:46:53
Priest Rapids Tailrace STH,3,G72DD1FAD,2026-05-21 19:40:19,2026-05-23 17:10:00,Lower Ringold,0,
Priest Rapids Tailrace STH,3,G72DD1FAD,2026-05-21 19:40:19,2026-05-23 17:10:00,Hanford,0,
Priest Rapids Tailrace STH,3,G72DEFA2E,2026-05-22 20:36:32,2026-05-24 16:18:00,Lower Ringold,1,2026-05-25 04:16:17
Priest Rapids Tailrace STH,3,G72DEFA2E,2026-05-22 20:36:32,2026-05-24 16:18:00,Hanford,1,2026-05-25 07:47:37
Priest Rapids Tailrace STH,1,G72E0919A,2026-05-20 18:54:05,2026-05-22 16:26:00,Lower Ringold,1,2026-05-23 10:36:41
Priest Rapids Tailrace STH,1,G72E0919A,2026-05-20 18:54:05,2026-05-22 16:26:00,Hanford,1,2026-05-23 17:54:22
Priest Rapids Tailrace STH,1,G72E09619,2026-05-20 18:55:30,2026-05-22 16:26:00,Lower Ringold,1,2026-05-24 19:03:49
Priest Rapids Tailrace STH,1,G72E09619,2026-05-20 18:55:30,2026-05-22 16:26:00,Hanford,1,2026-05-24 22:47:33
Priest Rapids Tailrace STH,2,G72E150CA,2026-05-16 16:44:05,2026-05-19 15:26:00,Lower Ringold,0,
Priest Rapids Tailrace STH,2,G72E150CA,2026-05-16 16:44:05,2026-05-19 15:26:00,Hanford,0,
Priest Rapids Tailrace STH,2,G72E2CD73,2026-05-19 19:30:25,2026-05-21 16:17:00,Lower Ringold,1,2026-05-22 03:27:02
Priest Rapids Tailrace STH,2,G72E2CD73,2026-05-19 19:30:25,2026-05-21 16:17:00,Hanford,1,2026-05-22 06:13:35
Priest Rapids Tailrace STH,3,G72E320A3,2026-05-21 19:37:45,2026-05-23 17:10:00,Lower Ringold,1,2026-05-24 17:27:30
Priest Rapids Tailrace STH,3,G72E320A3,2026-05-21 19:37:45,2026-05-23 17:10:00,Hanford,1,2026-05-24 23:24:22
Priest Rapids Tailrace STH,3,G72E34AB8,2026-05-15 17:29:40,2026-05-17 16:25:00,Lower Ringold,1,2026-05-18 03:31:50
Priest Rapids Tailrace STH,3,G72E34AB8,2026-05-15 17:29:40,2026-05-17 16:25:00,Hanford,1,2026-05-18 06:33:43
Priest Rapids Tailrace STH,1,G72E412CF,2026-05-21 19:39:19,2026-05-23 17:10:00,Lower Ringold,1,2026-05-24 05:18:58
Priest Rapids Tailrace STH,1,G72E412CF,2026-05-21 19:39:19,2026-05-23 17:10:00,Hanford,1,2026-05-24 13:15:37
Priest Rapids Tailrace STH,1,G72E611BC,2026-05-21 19:27:28,2026-05-23 17:10:00,Lower Ringold,1,2026-05-24 10:53:47
Priest Rapids Tailrace STH,1,G72E611BC,2026-05-21 19:27:28,2026-05-23 17:10:00,Hanford,1,2026-05-24 13:48:21
Priest Rapids Tailrace STH,1,G72E758A2,2026-05-22 20:19:59,2026-05-24 16:18:00,Lower Ringold,1,2026-05-25 09:02:16
Priest Rapids Tailrace STH,1,G72E758A2,2026-05-22 20:19:59,2026-05-24 16:18:00,Hanford,1,2026-05-25 12:29:38
Priest Rapids Tailrace STH,1,G72E819A2,2026-05-22 20:27:54,2026-05-24 16:18:00,Lower Ringold,1,2026-05-25 03:39:49
Priest Rapids Tailrace STH,1,G72E819A2,2026-05-22 20:27:54,2026-05-24 16:18:00,Hanford,0,
Priest Rapids Tailrace STH,2,G72E9DC93,2026-05-19 19:27:11,2026-05-21 16:17:00,Lower Ringold,1,2026-05-22 06:55:09
Priest Rapids Tailrace STH,2,G72E9DC93,2026-05-19 19:27:11,2026-05-21 16:17:00,Hanford,1,2026-05-22 09:43:14
Priest Rapids Tailrace STH,2,G72EA6E48,2026-05-21 19:30:59,2026-05-23 17:10:00,Lower Ringold,1,2026-05-26 09:06:24
Priest Rapids Tailrace STH,2,G72EA6E48,2026-05-21 19:30:59,2026-05-23 17:10:00,Hanford,1,2026-05-26 12:25:20
Priest Rapids Tailrace STH,1,G72ED4525,2026-05-16 16:33:48,2026-05-18 17:15:00,Lower Ringold,1,2026-05-19 09:40:13
Priest Rapids Tailrace STH,1,G72ED4525,2026-05-16 16:33:48,2026-05-18 17:15:00,Hanford,1,2026-05-19 12:41:35
Priest Rapids Tailrace STH,1,G72F1A3B0,2026-05-21 19:52:51,2026-05-23 17:10:00,Lower Ringold,0,
Priest Rapids Tailrace STH,1,G72F1A3B0,2026-05-21 19:52:51,2026-05-23 17:10:00,Hanford,0,
Priest Rapids Tailrace STH,1,G72F1D595,2026-05-16 16:44:40,2026-05-19 15:26:00,Lower Ringold,1,2026-05-20 03:14:54
Priest Rapids Tailrace STH,1,G72F1D595,2026-05-16 16:44:40,2026-05-19 15:26:00,Hanford,1,2026-05-20 06:07:05
Priest Rapids Tailrace STH,1,G72F381BE,2026-05-20 19:05:55,2026-05-22 16:26:00,Lower Ringold,1,2026-05-23 08:10:30
Priest Rapids Tailrace STH,1,G72F381BE,2026-05-20 19:05:55,2026-05-22 16:26:00,Hanford,1,2026-05-23 11:56:50
Priest Rapids Tailrace STH,1,G72F5CF4D,2026-05-16 16:31:16,2026-05-18 17:15:00,Lower Ringold,0,
Priest Rapids Tailrace STH,1,G72F5CF4D,2026-05-16 16:31:16,2026-05-18 17:15:00,Hanford,0,
Priest Rapids Tailrace STH,3,G72F742AD,2026-05-15 17:28:09,2026-05-17 16:25:00,Lower Ringold,1,2026-05-18 04:04:02
Priest Rapids Tailrace STH,3,G72F742AD,2026-05-15 17:28:09,2026-05-17 16:25:00,Hanford,1,2026-05-18 07:12:09
Priest Rapids Tailrace STH,3,G72F754ED,2026-05-21 19:33:20,2026-05-23 17:10:00,Lower Ringold,1,2026-05-24 05:22:22
Priest Rapids Tailrace STH,3,G72F754ED,2026-05-21 19:33:20,2026-05-23 17:10:00,Hanford,1,2026-05-24 08:34:24
Priest Rapids Tailrace STH,2,G72F78BFB,2026-05-16 16:28:18,2026-05-18 17:15:00,Lower Ringold,1,2026-05-23 12:01:51
Priest Rapids Tailrace STH,2,G72F78BFB,2026-05-16 16:28:18,2026-05-18 17:15:00,Hanford,1,2026-05-23 16:13:13
Priest Rapids Tailrace STH,1,G72F8B07D,2026-05-20 18:41:12,2026-05-22 16:26:00,Lower Ringold,0,
Priest Rapids Tailrace STH,1,G72F8B07D,2026-05-20 18:41:12,2026-05-22 16:26:00,Hanford,0,
Priest Rapids Tailrace STH,2,G72FA3F21,2026-05-20 18:44:42,2026-05-22 16:26:00,Lower Ringold,1,2026-05-23 05:29:33
Priest Rapids Tailrace STH,2,G72FA3F21,2026-05-20 18:44:42,2026-05-22 16:26:00,Hanford,1,2026-05-23 08:43:40
